[{"model": "admin.logentry", "pk": 1, "fields": {"action_time": "2025-01-29T05:27:18.060Z", "user": 1, "content_type": 7, "object_id": "1", "object_repr": "NUMBER OF BENEFICIARIES", "action_flag": 1, "change_message": "[{\"added\": {}}]"}}, {"model": "admin.logentry", "pk": 2, "fields": {"action_time": "2025-01-29T05:30:20.013Z", "user": 1, "content_type": 7, "object_id": "1", "object_repr": "Medical Aid", "action_flag": 2, "change_message": "[]"}}, {"model": "admin.logentry", "pk": 3, "fields": {"action_time": "2025-01-29T05:30:38.104Z", "user": 1, "content_type": 7, "object_id": "2", "object_repr": "Cancer", "action_flag": 1, "change_message": "[{\"added\": {}}]"}}, {"model": "admin.logentry", "pk": 4, "fields": {"action_time": "2025-01-29T05:31:00.179Z", "user": 1, "content_type": 7, "object_id": "3", "object_repr": "Dialysis", "action_flag": 1, "change_message": "[{\"added\": {}}]"}}, {"model": "admin.logentry", "pk": 5, "fields": {"action_time": "2025-01-29T05:31:11.027Z", "user": 1, "content_type": 7, "object_id": "4", "object_repr": "Education", "action_flag": 1, "change_message": "[{\"added\": {}}]"}}, {"model": "admin.logentry", "pk": 6, "fields": {"action_time": "2025-01-29T05:31:49.879Z", "user": 1, "content_type": 8, "object_id": "1", "object_repr": "Medical Aid - Medicine", "action_flag": 1, "change_message": "[{\"added\": {}}]"}}, {"model": "admin.logentry", "pk": 7, "fields": {"action_time": "2025-01-29T05:32:07.955Z", "user": 1, "content_type": 8, "object_id": "2", "object_repr": "Medical Aid - Hospitalization", "action_flag": 1, "change_message": "[{\"added\": {}}]"}}, {"model": "admin.logentry", "pk": 8, "fields": {"action_time": "2025-01-29T05:32:33.644Z", "user": 1, "content_type": 8, "object_id": "3", "object_repr": "Medical Aid - Diagnosis", "action_flag": 1, "change_message": "[{\"added\": {}}]"}}, {"model": "admin.logentry", "pk": 9, "fields": {"action_time": "2025-01-29T05:33:20.429Z", "user": 1, "content_type": 8, "object_id": "4", "object_repr": "Cancer - Medicine", "action_flag": 1, "change_message": "[{\"added\": {}}]"}}, {"model": "admin.logentry", "pk": 10, "fields": {"action_time": "2025-01-29T05:33:26.560Z", "user": 1, "content_type": 8, "object_id": "5", "object_repr": "Cancer - Hospitalization", "action_flag": 1, "change_message": "[{\"added\": {}}]"}}, {"model": "admin.logentry", "pk": 11, "fields": {"action_time": "2025-01-29T05:48:36.903Z", "user": 1, "content_type": 7, "object_id": "1", "object_repr": "Medical Aid", "action_flag": 2, "change_message": "[{\"changed\": {\"fields\": [\"Image\"]}}]"}}, {"model": "admin.logentry", "pk": 12, "fields": {"action_time": "2025-01-29T05:48:52.015Z", "user": 1, "content_type": 7, "object_id": "1", "object_repr": "Medical Aid", "action_flag": 2, "change_message": "[{\"changed\": {\"fields\": [\"Image\"]}}]"}}, {"model": "admin.logentry", "pk": 13, "fields": {"action_time": "2025-01-29T05:49:11.350Z", "user": 1, "content_type": 7, "object_id": "2", "object_repr": "Cancer", "action_flag": 2, "change_message": "[{\"changed\": {\"fields\": [\"Image\"]}}]"}}, {"model": "admin.logentry", "pk": 14, "fields": {"action_time": "2025-01-29T05:49:21.756Z", "user": 1, "content_type": 7, "object_id": "3", "object_repr": "Dialysis", "action_flag": 2, "change_message": "[{\"changed\": {\"fields\": [\"Image\"]}}]"}}, {"model": "admin.logentry", "pk": 15, "fields": {"action_time": "2025-01-29T05:49:30.901Z", "user": 1, "content_type": 7, "object_id": "4", "object_repr": "Education", "action_flag": 2, "change_message": "[{\"changed\": {\"fields\": [\"Image\"]}}]"}}, {"model": "admin.logentry", "pk": 16, "fields": {"action_time": "2025-01-29T07:07:44.792Z", "user": 1, "content_type": 9, "object_id": "1", "object_repr": "Medical", "action_flag": 1, "change_message": "[{\"added\": {}}]"}}, {"model": "admin.logentry", "pk": 17, "fields": {"action_time": "2025-01-29T07:07:56.723Z", "user": 1, "content_type": 9, "object_id": "2", "object_repr": "Dialysis", "action_flag": 1, "change_message": "[{\"added\": {}}]"}}, {"model": "admin.logentry", "pk": 18, "fields": {"action_time": "2025-01-29T07:08:12.965Z", "user": 1, "content_type": 9, "object_id": "3", "object_repr": "Education", "action_flag": 1, "change_message": "[{\"added\": {}}]"}}, {"model": "admin.logentry", "pk": 19, "fields": {"action_time": "2025-01-29T07:08:33.075Z", "user": 1, "content_type": 9, "object_id": "4", "object_repr": "Food", "action_flag": 1, "change_message": "[{\"added\": {}}]"}}, {"model": "admin.logentry", "pk": 20, "fields": {"action_time": "2025-01-29T09:02:14.462Z", "user": 1, "content_type": 10, "object_id": "1", "object_repr": "STEP - 1", "action_flag": 1, "change_message": "[{\"added\": {}}]"}}, {"model": "admin.logentry", "pk": 21, "fields": {"action_time": "2025-01-29T09:02:32.825Z", "user": 1, "content_type": 10, "object_id": "2", "object_repr": "STEP - 2", "action_flag": 1, "change_message": "[{\"added\": {}}]"}}, {"model": "admin.logentry", "pk": 22, "fields": {"action_time": "2025-01-29T09:02:51.067Z", "user": 1, "content_type": 10, "object_id": "3", "object_repr": "STEP - 3", "action_flag": 1, "change_message": "[{\"added\": {}}]"}}, {"model": "admin.logentry", "pk": 23, "fields": {"action_time": "2025-01-29T09:03:07.025Z", "user": 1, "content_type": 10, "object_id": "4", "object_repr": "STEP - 4", "action_flag": 1, "change_message": "[{\"added\": {}}]"}}, {"model": "admin.logentry", "pk": 24, "fields": {"action_time": "2025-01-29T09:12:22.853Z", "user": 1, "content_type": 11, "object_id": "1", "object_repr": "Patel Mohsin", "action_flag": 1, "change_message": "[{\"added\": {}}]"}}, {"model": "admin.logentry", "pk": 25, "fields": {"action_time": "2025-01-29T09:12:28.879Z", "user": 1, "content_type": 11, "object_id": "2", "object_repr": "Patel Mohsin", "action_flag": 1, "change_message": "[{\"added\": {}}]"}}, {"model": "admin.logentry", "pk": 26, "fields": {"action_time": "2025-01-29T09:12:47.679Z", "user": 1, "content_type": 11, "object_id": "3", "object_repr": "Iftekhar Ahmed Shaikh", "action_flag": 1, "change_message": "[{\"added\": {}}]"}}, {"model": "admin.logentry", "pk": 27, "fields": {"action_time": "2025-01-29T09:13:01.718Z", "user": 1, "content_type": 11, "object_id": "4", "object_repr": "Nanda Shridhar Dange", "action_flag": 1, "change_message": "[{\"added\": {}}]"}}, {"model": "admin.logentry", "pk": 28, "fields": {"action_time": "2025-01-29T09:13:17.015Z", "user": 1, "content_type": 11, "object_id": "5", "object_repr": "Shabina Bano Mohammed Zubair Shaikh", "action_flag": 1, "change_message": "[{\"added\": {}}]"}}, {"model": "admin.logentry", "pk": 29, "fields": {"action_time": "2025-01-29T09:13:30.674Z", "user": 1, "content_type": 11, "object_id": "6", "object_repr": "Shaikh Mohammed Aleem", "action_flag": 1, "change_message": "[{\"added\": {}}]"}}, {"model": "admin.logentry", "pk": 30, "fields": {"action_time": "2025-01-29T09:13:59.136Z", "user": 1, "content_type": 11, "object_id": "7", "object_repr": "Shaikh Mohammed Aleem", "action_flag": 1, "change_message": "[{\"added\": {}}]"}}, {"model": "admin.logentry", "pk": 31, "fields": {"action_time": "2025-01-29T09:14:16.859Z", "user": 1, "content_type": 11, "object_id": "8", "object_repr": "Faizan Galib Dhanse", "action_flag": 1, "change_message": "[{\"added\": {}}]"}}, {"model": "admin.logentry", "pk": 32, "fields": {"action_time": "2025-01-29T09:14:37.177Z", "user": 1, "content_type": 11, "object_id": "9", "object_repr": "Irshad Khan", "action_flag": 1, "change_message": "[{\"added\": {}}]"}}, {"model": "admin.logentry", "pk": 33, "fields": {"action_time": "2025-01-29T09:14:53.592Z", "user": 1, "content_type": 11, "object_id": "10", "object_repr": "Sajida Nasir Khan", "action_flag": 1, "change_message": "[{\"added\": {}}]"}}, {"model": "admin.logentry", "pk": 34, "fields": {"action_time": "2025-01-29T09:15:09.471Z", "user": 1, "content_type": 11, "object_id": "11", "object_repr": "Mohammed Ayaan Ashfak Shaikh", "action_flag": 1, "change_message": "[{\"added\": {}}]"}}, {"model": "admin.logentry", "pk": 35, "fields": {"action_time": "2025-01-29T09:15:24.461Z", "user": 1, "content_type": 11, "object_id": "12", "object_repr": "Mohammed Ayaan Ashfak Shaikh", "action_flag": 1, "change_message": "[{\"added\": {}}]"}}, {"model": "admin.logentry", "pk": 36, "fields": {"action_time": "2025-01-29T09:15:42.905Z", "user": 1, "content_type": 11, "object_id": "13", "object_repr": "Ayaan Shaikh", "action_flag": 1, "change_message": "[{\"added\": {}}]"}}, {"model": "admin.logentry", "pk": 37, "fields": {"action_time": "2025-01-29T09:16:08.186Z", "user": 1, "content_type": 11, "object_id": "14", "object_repr": "Md. Umar", "action_flag": 1, "change_message": "[{\"added\": {}}]"}}, {"model": "admin.logentry", "pk": 38, "fields": {"action_time": "2025-01-29T09:16:23.807Z", "user": 1, "content_type": 11, "object_id": "15", "object_repr": "Muskan", "action_flag": 1, "change_message": "[{\"added\": {}}]"}}, {"model": "admin.logentry", "pk": 39, "fields": {"action_time": "2025-01-29T09:16:58.277Z", "user": 1, "content_type": 11, "object_id": "16", "object_repr": "Zafar Hussain Ansari", "action_flag": 1, "change_message": "[{\"added\": {}}]"}}, {"model": "admin.logentry", "pk": 40, "fields": {"action_time": "2025-01-29T09:37:23.664Z", "user": 1, "content_type": 11, "object_id": "1", "object_repr": "Patel Mohsin", "action_flag": 3, "change_message": ""}}, {"model": "admin.logentry", "pk": 41, "fields": {"action_time": "2025-01-29T12:13:48.059Z", "user": 1, "content_type": 12, "object_id": "1", "object_repr": "DIALYSIS CENTRE", "action_flag": 1, "change_message": "[{\"added\": {}}]"}}, {"model": "admin.logentry", "pk": 42, "fields": {"action_time": "2025-01-29T12:14:53.052Z", "user": 1, "content_type": 12, "object_id": "2", "object_repr": "RAMZAN AND MONTHLY RATION AID", "action_flag": 1, "change_message": "[{\"added\": {}}]"}}, {"model": "admin.logentry", "pk": 43, "fields": {"action_time": "2025-01-29T12:15:16.949Z", "user": 1, "content_type": 12, "object_id": "3", "object_repr": "WHY                                         SHOULD ANYONE APPROACH KCT FOR HELP AND                                         ASSISTANCE?", "action_flag": 1, "change_message": "[{\"added\": {}}]"}}, {"model": "admin.logentry", "pk": 44, "fields": {"action_time": "2025-01-29T12:51:01.920Z", "user": 1, "content_type": 13, "object_id": "1", "object_repr": "ActivityGallery_images/gallery-slide-1_ksy9Ngw.jpg", "action_flag": 1, "change_message": "[{\"added\": {}}]"}}, {"model": "admin.logentry", "pk": 45, "fields": {"action_time": "2025-01-29T12:51:30.178Z", "user": 1, "content_type": 13, "object_id": "2", "object_repr": "ActivityGallery_images/gallery-slide-1_tDwYFv0.jpg", "action_flag": 1, "change_message": "[{\"added\": {}}]"}}, {"model": "admin.logentry", "pk": 46, "fields": {"action_time": "2025-01-29T12:51:37.485Z", "user": 1, "content_type": 13, "object_id": "3", "object_repr": "ActivityGallery_images/gallery-slide-2.jpg", "action_flag": 1, "change_message": "[{\"added\": {}}]"}}, {"model": "admin.logentry", "pk": 47, "fields": {"action_time": "2025-01-29T12:51:43.391Z", "user": 1, "content_type": 13, "object_id": "4", "object_repr": "ActivityGallery_images/gallery-slide-3.jpg", "action_flag": 1, "change_message": "[{\"added\": {}}]"}}, {"model": "admin.logentry", "pk": 48, "fields": {"action_time": "2025-01-29T12:51:49.618Z", "user": 1, "content_type": 13, "object_id": "5", "object_repr": "ActivityGallery_images/gallery-slide-4.jpg", "action_flag": 1, "change_message": "[{\"added\": {}}]"}}, {"model": "admin.logentry", "pk": 49, "fields": {"action_time": "2025-01-29T12:51:55.591Z", "user": 1, "content_type": 13, "object_id": "6", "object_repr": "ActivityGallery_images/gallery-slide-5.jpg", "action_flag": 1, "change_message": "[{\"added\": {}}]"}}, {"model": "admin.logentry", "pk": 50, "fields": {"action_time": "2025-01-29T12:52:02.620Z", "user": 1, "content_type": 13, "object_id": "7", "object_repr": "ActivityGallery_images/gallery-slide-6.jpg", "action_flag": 1, "change_message": "[{\"added\": {}}]"}}, {"model": "admin.logentry", "pk": 51, "fields": {"action_time": "2025-01-29T12:52:08.534Z", "user": 1, "content_type": 13, "object_id": "8", "object_repr": "ActivityGallery_images/gallery-slide-7.jpg", "action_flag": 1, "change_message": "[{\"added\": {}}]"}}, {"model": "admin.logentry", "pk": 52, "fields": {"action_time": "2025-01-29T12:52:15.986Z", "user": 1, "content_type": 13, "object_id": "9", "object_repr": "ActivityGallery_images/gallery-slide-8.jpg", "action_flag": 1, "change_message": "[{\"added\": {}}]"}}, {"model": "admin.logentry", "pk": 53, "fields": {"action_time": "2025-01-29T12:52:21.514Z", "user": 1, "content_type": 13, "object_id": "10", "object_repr": "ActivityGallery_images/gallery-slide-9.jpg", "action_flag": 1, "change_message": "[{\"added\": {}}]"}}, {"model": "admin.logentry", "pk": 54, "fields": {"action_time": "2025-01-29T12:52:26.997Z", "user": 1, "content_type": 13, "object_id": "11", "object_repr": "ActivityGallery_images/gallery-slide-10.jpg", "action_flag": 1, "change_message": "[{\"added\": {}}]"}}, {"model": "admin.logentry", "pk": 55, "fields": {"action_time": "2025-01-29T12:52:35.277Z", "user": 1, "content_type": 13, "object_id": "12", "object_repr": "ActivityGallery_images/gallery-slide-11.jpg", "action_flag": 1, "change_message": "[{\"added\": {}}]"}}, {"model": "admin.logentry", "pk": 56, "fields": {"action_time": "2025-01-29T12:52:43.098Z", "user": 1, "content_type": 13, "object_id": "13", "object_repr": "ActivityGallery_images/gallery-slide-12.jpg", "action_flag": 1, "change_message": "[{\"added\": {}}]"}}, {"model": "admin.logentry", "pk": 57, "fields": {"action_time": "2025-01-29T12:52:50.539Z", "user": 1, "content_type": 13, "object_id": "14", "object_repr": "ActivityGallery_images/gallery-slide-13.jpg", "action_flag": 1, "change_message": "[{\"added\": {}}]"}}, {"model": "admin.logentry", "pk": 58, "fields": {"action_time": "2025-01-29T12:52:57.005Z", "user": 1, "content_type": 13, "object_id": "15", "object_repr": "ActivityGallery_images/gallery-slide-14.jpg", "action_flag": 1, "change_message": "[{\"added\": {}}]"}}, {"model": "admin.logentry", "pk": 59, "fields": {"action_time": "2025-01-29T12:53:03.433Z", "user": 1, "content_type": 13, "object_id": "16", "object_repr": "ActivityGallery_images/gallery-slide-15.jpg", "action_flag": 1, "change_message": "[{\"added\": {}}]"}}, {"model": "admin.logentry", "pk": 60, "fields": {"action_time": "2025-01-29T12:53:09.974Z", "user": 1, "content_type": 13, "object_id": "17", "object_repr": "ActivityGallery_images/gallery-slide-16.jpg", "action_flag": 1, "change_message": "[{\"added\": {}}]"}}, {"model": "admin.logentry", "pk": 61, "fields": {"action_time": "2025-01-29T12:53:16.747Z", "user": 1, "content_type": 13, "object_id": "18", "object_repr": "ActivityGallery_images/gallery-slide-17.jpg", "action_flag": 1, "change_message": "[{\"added\": {}}]"}}, {"model": "admin.logentry", "pk": 62, "fields": {"action_time": "2025-01-29T12:53:23.115Z", "user": 1, "content_type": 13, "object_id": "19", "object_repr": "ActivityGallery_images/gallery-slide-18.jpg", "action_flag": 1, "change_message": "[{\"added\": {}}]"}}, {"model": "admin.logentry", "pk": 63, "fields": {"action_time": "2025-01-29T12:53:29.887Z", "user": 1, "content_type": 13, "object_id": "20", "object_repr": "ActivityGallery_images/gallery-slide-19.jpg", "action_flag": 1, "change_message": "[{\"added\": {}}]"}}, {"model": "admin.logentry", "pk": 64, "fields": {"action_time": "2025-01-29T12:53:38.211Z", "user": 1, "content_type": 13, "object_id": "21", "object_repr": "ActivityGallery_images/gallery-slide-20.jpg", "action_flag": 1, "change_message": "[{\"added\": {}}]"}}, {"model": "admin.logentry", "pk": 65, "fields": {"action_time": "2025-01-30T05:56:25.784Z", "user": 1, "content_type": 14, "object_id": "1", "object_repr": "Mr. Abdul Hamid Nathani", "action_flag": 1, "change_message": "[{\"added\": {}}]"}}, {"model": "admin.logentry", "pk": 66, "fields": {"action_time": "2025-01-30T05:56:46.292Z", "user": 1, "content_type": 14, "object_id": "2", "object_repr": "Mr. Abdul Rashid Nathani", "action_flag": 1, "change_message": "[{\"added\": {}}]"}}, {"model": "admin.logentry", "pk": 67, "fields": {"action_time": "2025-01-30T05:56:52.846Z", "user": 1, "content_type": 14, "object_id": "3", "object_repr": "Mr. Aftab Badshah", "action_flag": 1, "change_message": "[{\"added\": {}}]"}}, {"model": "admin.logentry", "pk": 68, "fields": {"action_time": "2025-01-30T05:57:00.047Z", "user": 1, "content_type": 14, "object_id": "4", "object_repr": "Mr. Afzal Kadar", "action_flag": 1, "change_message": "[{\"added\": {}}]"}}, {"model": "admin.logentry", "pk": 69, "fields": {"action_time": "2025-01-30T05:57:08.107Z", "user": 1, "content_type": 14, "object_id": "5", "object_repr": "Mr. Ashfak Vaid", "action_flag": 1, "change_message": "[{\"added\": {}}]"}}, {"model": "admin.logentry", "pk": 70, "fields": {"action_time": "2025-01-30T05:57:20.662Z", "user": 1, "content_type": 14, "object_id": "6", "object_repr": "Mr. Haji Usman Dalal", "action_flag": 1, "change_message": "[{\"added\": {}}]"}}, {"model": "admin.logentry", "pk": 71, "fields": {"action_time": "2025-01-30T05:57:29.526Z", "user": 1, "content_type": 14, "object_id": "7", "object_repr": "Mr. Imran Merchant", "action_flag": 1, "change_message": "[{\"added\": {}}]"}}, {"model": "admin.logentry", "pk": 72, "fields": {"action_time": "2025-01-30T05:57:36.464Z", "user": 1, "content_type": 14, "object_id": "8", "object_repr": "Mr. Imtiyaz Motorwala", "action_flag": 1, "change_message": "[{\"added\": {}}]"}}, {"model": "admin.logentry", "pk": 73, "fields": {"action_time": "2025-01-30T05:57:43.294Z", "user": 1, "content_type": 14, "object_id": "9", "object_repr": "Mr. Ifran Merchant", "action_flag": 1, "change_message": "[{\"added\": {}}]"}}, {"model": "admin.logentry", "pk": 74, "fields": {"action_time": "2025-01-30T05:57:49.693Z", "user": 1, "content_type": 14, "object_id": "10", "object_repr": "Mr. Mr. Junaid Motorwala", "action_flag": 1, "change_message": "[{\"added\": {}}]"}}, {"model": "admin.logentry", "pk": 75, "fields": {"action_time": "2025-01-30T05:57:56.156Z", "user": 1, "content_type": 14, "object_id": "11", "object_repr": "Mr. Mansur Mehta", "action_flag": 1, "change_message": "[{\"added\": {}}]"}}, {"model": "admin.logentry", "pk": 76, "fields": {"action_time": "2025-01-30T05:58:02.230Z", "user": 1, "content_type": 14, "object_id": "12", "object_repr": "Mr. Maqsood Nathani", "action_flag": 1, "change_message": "[{\"added\": {}}]"}}, {"model": "admin.logentry", "pk": 77, "fields": {"action_time": "2025-01-30T05:58:09.938Z", "user": 1, "content_type": 14, "object_id": "13", "object_repr": "Mr. Rizwan Patel", "action_flag": 1, "change_message": "[{\"added\": {}}]"}}, {"model": "admin.logentry", "pk": 78, "fields": {"action_time": "2025-01-30T05:58:16.176Z", "user": 1, "content_type": 14, "object_id": "14", "object_repr": "Mr. Safdar Merchant", "action_flag": 1, "change_message": "[{\"added\": {}}]"}}, {"model": "admin.logentry", "pk": 79, "fields": {"action_time": "2025-01-30T05:58:22.268Z", "user": 1, "content_type": 14, "object_id": "15", "object_repr": "Mr. Shabbir Patca", "action_flag": 1, "change_message": "[{\"added\": {}}]"}}, {"model": "admin.logentry", "pk": 80, "fields": {"action_time": "2025-01-30T05:58:27.895Z", "user": 1, "content_type": 14, "object_id": "16", "object_repr": "Mr. Shakil Kochra", "action_flag": 1, "change_message": "[{\"added\": {}}]"}}, {"model": "admin.logentry", "pk": 81, "fields": {"action_time": "2025-01-30T05:58:33.856Z", "user": 1, "content_type": 14, "object_id": "17", "object_repr": "Mr. Sikandar Gazyani", "action_flag": 1, "change_message": "[{\"added\": {}}]"}}, {"model": "admin.logentry", "pk": 82, "fields": {"action_time": "2025-01-30T05:58:40.608Z", "user": 1, "content_type": 14, "object_id": "18", "object_repr": "Mr. Zahid Zaveri", "action_flag": 1, "change_message": "[{\"added\": {}}]"}}, {"model": "admin.logentry", "pk": 83, "fields": {"action_time": "2025-01-30T06:00:02.610Z", "user": 1, "content_type": 14, "object_id": "1", "object_repr": "Abdul Hamid Nathani", "action_flag": 2, "change_message": "[{\"changed\": {\"fields\": [\"Managing name\"]}}]"}}, {"model": "admin.logentry", "pk": 84, "fields": {"action_time": "2025-01-30T06:00:11.090Z", "user": 1, "content_type": 14, "object_id": "1", "object_repr": "Abdul Hamid Nathani", "action_flag": 2, "change_message": "[]"}}, {"model": "admin.logentry", "pk": 85, "fields": {"action_time": "2025-01-30T06:00:17.791Z", "user": 1, "content_type": 14, "object_id": "2", "object_repr": "Abdul Rashid Nathani", "action_flag": 2, "change_message": "[{\"changed\": {\"fields\": [\"Managing name\"]}}]"}}, {"model": "admin.logentry", "pk": 86, "fields": {"action_time": "2025-01-30T06:00:24.056Z", "user": 1, "content_type": 14, "object_id": "3", "object_repr": "Aftab Badshah", "action_flag": 2, "change_message": "[{\"changed\": {\"fields\": [\"Managing name\"]}}]"}}, {"model": "admin.logentry", "pk": 87, "fields": {"action_time": "2025-01-30T06:00:30.442Z", "user": 1, "content_type": 14, "object_id": "4", "object_repr": "Afzal Kadar", "action_flag": 2, "change_message": "[{\"changed\": {\"fields\": [\"Managing name\"]}}]"}}, {"model": "admin.logentry", "pk": 88, "fields": {"action_time": "2025-01-30T06:00:36.978Z", "user": 1, "content_type": 14, "object_id": "5", "object_repr": "Ashfak Vaid", "action_flag": 2, "change_message": "[{\"changed\": {\"fields\": [\"Managing name\"]}}]"}}, {"model": "admin.logentry", "pk": 89, "fields": {"action_time": "2025-01-30T06:00:43.285Z", "user": 1, "content_type": 14, "object_id": "6", "object_repr": "Haji Usman Dalal", "action_flag": 2, "change_message": "[{\"changed\": {\"fields\": [\"Managing name\"]}}]"}}, {"model": "admin.logentry", "pk": 90, "fields": {"action_time": "2025-01-30T06:00:50.524Z", "user": 1, "content_type": 14, "object_id": "7", "object_repr": "Imran Merchant", "action_flag": 2, "change_message": "[{\"changed\": {\"fields\": [\"Managing name\"]}}]"}}, {"model": "admin.logentry", "pk": 91, "fields": {"action_time": "2025-01-30T06:00:57.372Z", "user": 1, "content_type": 14, "object_id": "8", "object_repr": "Imtiyaz Motorwala", "action_flag": 2, "change_message": "[{\"changed\": {\"fields\": [\"Managing name\"]}}]"}}, {"model": "admin.logentry", "pk": 92, "fields": {"action_time": "2025-01-30T06:01:03.172Z", "user": 1, "content_type": 14, "object_id": "18", "object_repr": "Zahid Zaveri", "action_flag": 2, "change_message": "[{\"changed\": {\"fields\": [\"Managing name\"]}}]"}}, {"model": "admin.logentry", "pk": 93, "fields": {"action_time": "2025-01-30T06:01:08.747Z", "user": 1, "content_type": 14, "object_id": "17", "object_repr": "Sikandar Gazyani", "action_flag": 2, "change_message": "[{\"changed\": {\"fields\": [\"Managing name\"]}}]"}}, {"model": "admin.logentry", "pk": 94, "fields": {"action_time": "2025-01-30T06:01:14.328Z", "user": 1, "content_type": 14, "object_id": "16", "object_repr": "Shakil Kochra", "action_flag": 2, "change_message": "[{\"changed\": {\"fields\": [\"Managing name\"]}}]"}}, {"model": "admin.logentry", "pk": 95, "fields": {"action_time": "2025-01-30T06:01:20.622Z", "user": 1, "content_type": 14, "object_id": "15", "object_repr": "Shabbir Patca", "action_flag": 2, "change_message": "[{\"changed\": {\"fields\": [\"Managing name\"]}}]"}}, {"model": "admin.logentry", "pk": 96, "fields": {"action_time": "2025-01-30T06:01:25.492Z", "user": 1, "content_type": 14, "object_id": "14", "object_repr": "Safdar Merchant", "action_flag": 2, "change_message": "[{\"changed\": {\"fields\": [\"Managing name\"]}}]"}}, {"model": "admin.logentry", "pk": 97, "fields": {"action_time": "2025-01-30T06:01:31.909Z", "user": 1, "content_type": 14, "object_id": "12", "object_repr": "Maqsood Nathani", "action_flag": 2, "change_message": "[{\"changed\": {\"fields\": [\"Managing name\"]}}]"}}, {"model": "admin.logentry", "pk": 98, "fields": {"action_time": "2025-01-30T06:01:38.760Z", "user": 1, "content_type": 14, "object_id": "13", "object_repr": "Rizwan Patel", "action_flag": 2, "change_message": "[{\"changed\": {\"fields\": [\"Managing name\"]}}]"}}, {"model": "admin.logentry", "pk": 99, "fields": {"action_time": "2025-01-30T06:01:44.741Z", "user": 1, "content_type": 14, "object_id": "11", "object_repr": "Mansur Mehta", "action_flag": 2, "change_message": "[{\"changed\": {\"fields\": [\"Managing name\"]}}]"}}, {"model": "admin.logentry", "pk": 100, "fields": {"action_time": "2025-01-30T06:01:56.610Z", "user": 1, "content_type": 14, "object_id": "10", "object_repr": "Junaid Motorwala", "action_flag": 2, "change_message": "[{\"changed\": {\"fields\": [\"Managing name\"]}}]"}}, {"model": "admin.logentry", "pk": 101, "fields": {"action_time": "2025-01-30T06:02:04.472Z", "user": 1, "content_type": 14, "object_id": "9", "object_repr": "Ifran Merchant", "action_flag": 2, "change_message": "[{\"changed\": {\"fields\": [\"Managing name\"]}}]"}}, {"model": "admin.logentry", "pk": 102, "fields": {"action_time": "2025-01-30T06:36:18.592Z", "user": 1, "content_type": 15, "object_id": "1", "object_repr": "Our Managing Trustee​", "action_flag": 1, "change_message": "[{\"added\": {}}]"}}, {"model": "admin.logentry", "pk": 103, "fields": {"action_time": "2025-01-30T06:36:32.318Z", "user": 1, "content_type": 15, "object_id": "2", "object_repr": "Hospital Covered", "action_flag": 1, "change_message": "[{\"added\": {}}]"}}, {"model": "admin.logentry", "pk": 104, "fields": {"action_time": "2025-01-30T06:36:34.624Z", "user": 1, "content_type": 15, "object_id": "3", "object_repr": "Pharmacy Store Association", "action_flag": 1, "change_message": "[{\"added\": {}}]"}}, {"model": "admin.logentry", "pk": 105, "fields": {"action_time": "2025-01-30T06:36:42.054Z", "user": 1, "content_type": 15, "object_id": "4", "object_repr": "Diagnostic Centre Association", "action_flag": 1, "change_message": "[{\"added\": {}}]"}}, {"model": "admin.logentry", "pk": 106, "fields": {"action_time": "2025-01-30T06:37:41.412Z", "user": 1, "content_type": 15, "object_id": "1", "object_repr": "Our Managing Trustee​", "action_flag": 2, "change_message": "[]"}}, {"model": "admin.logentry", "pk": 107, "fields": {"action_time": "2025-01-30T06:37:58.056Z", "user": 1, "content_type": 15, "object_id": "1", "object_repr": "Our Managing Trustee​", "action_flag": 2, "change_message": "[]"}}, {"model": "admin.logentry", "pk": 108, "fields": {"action_time": "2025-01-30T06:47:27.044Z", "user": 1, "content_type": 16, "object_id": "1", "object_repr": "Abdul Hamid Nathani", "action_flag": 1, "change_message": "[{\"added\": {}}]"}}, {"model": "admin.logentry", "pk": 109, "fields": {"action_time": "2025-01-30T06:47:38.281Z", "user": 1, "content_type": 16, "object_id": "2", "object_repr": "Abdul Rashid Nathani", "action_flag": 1, "change_message": "[{\"added\": {}}]"}}, {"model": "admin.logentry", "pk": 110, "fields": {"action_time": "2025-01-30T06:47:48.675Z", "user": 1, "content_type": 16, "object_id": "3", "object_repr": "Aftab Badshah", "action_flag": 1, "change_message": "[{\"added\": {}}]"}}, {"model": "admin.logentry", "pk": 111, "fields": {"action_time": "2025-01-30T06:47:58.779Z", "user": 1, "content_type": 16, "object_id": "4", "object_repr": "Afzal Kadar", "action_flag": 1, "change_message": "[{\"added\": {}}]"}}, {"model": "admin.logentry", "pk": 112, "fields": {"action_time": "2025-01-30T06:48:09.511Z", "user": 1, "content_type": 16, "object_id": "5", "object_repr": "Ashfak Vaid", "action_flag": 1, "change_message": "[{\"added\": {}}]"}}, {"model": "admin.logentry", "pk": 113, "fields": {"action_time": "2025-01-30T06:48:50.453Z", "user": 1, "content_type": 16, "object_id": "6", "object_repr": "Afzal Kadar", "action_flag": 1, "change_message": "[{\"added\": {}}]"}}, {"model": "admin.logentry", "pk": 114, "fields": {"action_time": "2025-01-30T06:49:48.992Z", "user": 1, "content_type": 16, "object_id": "7", "object_repr": "Haji Usman Dalal", "action_flag": 1, "change_message": "[{\"added\": {}}]"}}, {"model": "admin.logentry", "pk": 115, "fields": {"action_time": "2025-01-30T06:49:59.214Z", "user": 1, "content_type": 16, "object_id": "8", "object_repr": "Imran Merchant", "action_flag": 1, "change_message": "[{\"added\": {}}]"}}, {"model": "admin.logentry", "pk": 116, "fields": {"action_time": "2025-01-30T06:50:15.639Z", "user": 1, "content_type": 16, "object_id": "9", "object_repr": "Imtiyaz Motorwala", "action_flag": 1, "change_message": "[{\"added\": {}}]"}}, {"model": "admin.logentry", "pk": 117, "fields": {"action_time": "2025-01-30T06:50:33.987Z", "user": 1, "content_type": 16, "object_id": "10", "object_repr": "Ifran Merchant", "action_flag": 1, "change_message": "[{\"added\": {}}]"}}, {"model": "admin.logentry", "pk": 118, "fields": {"action_time": "2025-01-30T06:50:49.235Z", "user": 1, "content_type": 16, "object_id": "11", "object_repr": "Junaid Motorwala", "action_flag": 1, "change_message": "[{\"added\": {}}]"}}, {"model": "admin.logentry", "pk": 119, "fields": {"action_time": "2025-01-30T06:50:59.529Z", "user": 1, "content_type": 16, "object_id": "12", "object_repr": "Mansur Mehta", "action_flag": 1, "change_message": "[{\"added\": {}}]"}}, {"model": "admin.logentry", "pk": 120, "fields": {"action_time": "2025-01-30T06:51:09.836Z", "user": 1, "content_type": 16, "object_id": "13", "object_repr": "Maqsood Nathani", "action_flag": 1, "change_message": "[{\"added\": {}}]"}}, {"model": "admin.logentry", "pk": 121, "fields": {"action_time": "2025-01-30T06:51:19.730Z", "user": 1, "content_type": 16, "object_id": "14", "object_repr": "Rizwan Patel", "action_flag": 1, "change_message": "[{\"added\": {}}]"}}, {"model": "admin.logentry", "pk": 122, "fields": {"action_time": "2025-01-30T06:51:33.789Z", "user": 1, "content_type": 16, "object_id": "15", "object_repr": "Safdar Merchant", "action_flag": 1, "change_message": "[{\"added\": {}}]"}}, {"model": "admin.logentry", "pk": 123, "fields": {"action_time": "2025-01-30T06:51:43.507Z", "user": 1, "content_type": 16, "object_id": "16", "object_repr": "Shabbir Patca", "action_flag": 1, "change_message": "[{\"added\": {}}]"}}, {"model": "admin.logentry", "pk": 124, "fields": {"action_time": "2025-01-30T06:51:54.365Z", "user": 1, "content_type": 16, "object_id": "17", "object_repr": "Shakil Kochra", "action_flag": 1, "change_message": "[{\"added\": {}}]"}}, {"model": "admin.logentry", "pk": 125, "fields": {"action_time": "2025-01-30T06:52:11.462Z", "user": 1, "content_type": 16, "object_id": "18", "object_repr": "Sikandar Gazyani", "action_flag": 1, "change_message": "[{\"added\": {}}]"}}, {"model": "admin.logentry", "pk": 126, "fields": {"action_time": "2025-01-30T06:52:21.724Z", "user": 1, "content_type": 16, "object_id": "19", "object_repr": "Zahid Zaveri", "action_flag": 1, "change_message": "[{\"added\": {}}]"}}, {"model": "admin.logentry", "pk": 127, "fields": {"action_time": "2025-01-30T07:00:27.919Z", "user": 1, "content_type": 16, "object_id": "20", "object_repr": "TATA Cancer Patients Hospital", "action_flag": 1, "change_message": "[{\"added\": {}}]"}}, {"model": "admin.logentry", "pk": 128, "fields": {"action_time": "2025-01-30T07:00:56.193Z", "user": 1, "content_type": 16, "object_id": "21", "object_repr": "Nair Hospital", "action_flag": 1, "change_message": "[{\"added\": {}}]"}}, {"model": "admin.logentry", "pk": 129, "fields": {"action_time": "2025-01-30T07:01:10.263Z", "user": 1, "content_type": 16, "object_id": "22", "object_repr": "SION Hospital", "action_flag": 1, "change_message": "[{\"added\": {}}]"}}, {"model": "admin.logentry", "pk": 130, "fields": {"action_time": "2025-01-30T07:01:20.402Z", "user": 1, "content_type": 16, "object_id": "23", "object_repr": "Rehmaniya Hospital", "action_flag": 1, "change_message": "[{\"added\": {}}]"}}, {"model": "admin.logentry", "pk": 131, "fields": {"action_time": "2025-01-30T07:01:31.507Z", "user": 1, "content_type": 16, "object_id": "24", "object_repr": "Millat Hospital", "action_flag": 1, "change_message": "[{\"added\": {}}]"}}, {"model": "admin.logentry", "pk": 132, "fields": {"action_time": "2025-01-30T07:01:40.964Z", "user": 1, "content_type": 16, "object_id": "25", "object_repr": "J.J. Hospital", "action_flag": 1, "change_message": "[{\"added\": {}}]"}}, {"model": "admin.logentry", "pk": 133, "fields": {"action_time": "2025-01-30T07:01:51.019Z", "user": 1, "content_type": 16, "object_id": "26", "object_repr": "Saboo Siddique Hospital", "action_flag": 1, "change_message": "[{\"added\": {}}]"}}, {"model": "admin.logentry", "pk": 134, "fields": {"action_time": "2025-01-30T07:02:00.976Z", "user": 1, "content_type": 16, "object_id": "27", "object_repr": "KEM Hospital", "action_flag": 1, "change_message": "[{\"added\": {}}]"}}, {"model": "admin.logentry", "pk": 135, "fields": {"action_time": "2025-01-30T07:02:11.340Z", "user": 1, "content_type": 16, "object_id": "28", "object_repr": "Habib Hospital", "action_flag": 1, "change_message": "[{\"added\": {}}]"}}, {"model": "admin.logentry", "pk": 136, "fields": {"action_time": "2025-01-30T07:02:27.454Z", "user": 1, "content_type": 16, "object_id": "29", "object_repr": "Anmol Chemist – Regular Medicine", "action_flag": 1, "change_message": "[{\"added\": {}}]"}}, {"model": "admin.logentry", "pk": 137, "fields": {"action_time": "2025-01-30T07:02:42.257Z", "user": 1, "content_type": 16, "object_id": "30", "object_repr": "Orbit Pharma – Cancer Medicine", "action_flag": 1, "change_message": "[{\"added\": {}}]"}}, {"model": "admin.logentry", "pk": 138, "fields": {"action_time": "2025-01-30T07:02:46.988Z", "user": 1, "content_type": 16, "object_id": "31", "object_repr": "City Chemist", "action_flag": 1, "change_message": "[{\"added\": {}}]"}}, {"model": "admin.logentry", "pk": 139, "fields": {"action_time": "2025-01-30T07:02:56.886Z", "user": 1, "content_type": 16, "object_id": "32", "object_repr": "Baba Chemist", "action_flag": 1, "change_message": "[{\"added\": {}}]"}}, {"model": "admin.logentry", "pk": 140, "fields": {"action_time": "2025-01-30T07:03:07.045Z", "user": 1, "content_type": 16, "object_id": "33", "object_repr": "Jivan Jyot Drug Banks", "action_flag": 1, "change_message": "[{\"added\": {}}]"}}, {"model": "admin.logentry", "pk": 141, "fields": {"action_time": "2025-01-30T07:03:18.141Z", "user": 1, "content_type": 16, "object_id": "34", "object_repr": "Crystal Diagnostic", "action_flag": 1, "change_message": "[{\"added\": {}}]"}}, {"model": "admin.logentry", "pk": 142, "fields": {"action_time": "2025-01-30T07:03:31.649Z", "user": 1, "content_type": 16, "object_id": "35", "object_repr": "Sidra Diagnostic", "action_flag": 1, "change_message": "[{\"added\": {}}]"}}, {"model": "admin.logentry", "pk": 143, "fields": {"action_time": "2025-01-30T07:03:41.005Z", "user": 1, "content_type": 16, "object_id": "36", "object_repr": "SRL Diagnostic", "action_flag": 1, "change_message": "[{\"added\": {}}]"}}, {"model": "admin.logentry", "pk": 144, "fields": {"action_time": "2025-01-30T07:03:50.313Z", "user": 1, "content_type": 16, "object_id": "37", "object_repr": "Khair e Ummat", "action_flag": 1, "change_message": "[{\"added\": {}}]"}}, {"model": "admin.logentry", "pk": 145, "fields": {"action_time": "2025-01-30T10:44:09.454Z", "user": 1, "content_type": 19, "object_id": "1", "object_repr": "Key Programs", "action_flag": 1, "change_message": "[{\"added\": {}}]"}}, {"model": "admin.logentry", "pk": 146, "fields": {"action_time": "2025-01-30T11:24:26.291Z", "user": 1, "content_type": 19, "object_id": "1", "object_repr": "Key Programs", "action_flag": 2, "change_message": "[{\"changed\": {\"fields\": [\"System value\"]}}]"}}, {"model": "admin.logentry", "pk": 147, "fields": {"action_time": "2025-01-30T11:26:22.146Z", "user": 1, "content_type": 19, "object_id": "1", "object_repr": "Key Programs", "action_flag": 2, "change_message": "[{\"changed\": {\"fields\": [\"System value\"]}}]"}}, {"model": "admin.logentry", "pk": 148, "fields": {"action_time": "2025-01-30T11:27:04.592Z", "user": 1, "content_type": 19, "object_id": "1", "object_repr": "Key Programs", "action_flag": 2, "change_message": "[{\"changed\": {\"fields\": [\"System value\"]}}]"}}, {"model": "admin.logentry", "pk": 149, "fields": {"action_time": "2025-01-30T11:27:56.035Z", "user": 1, "content_type": 19, "object_id": "1", "object_repr": "Key Programs", "action_flag": 2, "change_message": "[{\"changed\": {\"fields\": [\"System value\"]}}]"}}, {"model": "admin.logentry", "pk": 150, "fields": {"action_time": "2025-01-30T11:41:05.858Z", "user": 1, "content_type": 19, "object_id": "1", "object_repr": "Key Programs", "action_flag": 2, "change_message": "[{\"changed\": {\"fields\": [\"System value\"]}}]"}}, {"model": "admin.logentry", "pk": 151, "fields": {"action_time": "2025-01-30T12:17:08.674Z", "user": 1, "content_type": 19, "object_id": "1", "object_repr": "Key Programs", "action_flag": 2, "change_message": "[]"}}, {"model": "admin.logentry", "pk": 152, "fields": {"action_time": "2025-01-30T12:17:30.337Z", "user": 1, "content_type": 19, "object_id": "1", "object_repr": "Key Programs", "action_flag": 2, "change_message": "[]"}}, {"model": "admin.logentry", "pk": 153, "fields": {"action_time": "2025-01-30T12:24:25.415Z", "user": 1, "content_type": 19, "object_id": "2", "object_repr": "BENEFICIARIES AID", "action_flag": 1, "change_message": "[{\"added\": {}}]"}}, {"model": "admin.logentry", "pk": 154, "fields": {"action_time": "2025-01-30T12:30:41.187Z", "user": 1, "content_type": 19, "object_id": "2", "object_repr": "BENEFICIARIES AID", "action_flag": 2, "change_message": "[]"}}, {"model": "admin.logentry", "pk": 155, "fields": {"action_time": "2025-01-31T04:03:04.331Z", "user": 1, "content_type": 19, "object_id": "3", "object_repr": "Case Studies", "action_flag": 1, "change_message": "[{\"added\": {}}]"}}, {"model": "admin.logentry", "pk": 156, "fields": {"action_time": "2025-01-31T04:04:05.358Z", "user": 1, "content_type": 19, "object_id": "3", "object_repr": "Case Studies", "action_flag": 2, "change_message": "[{\"changed\": {\"fields\": [\"System title\", \"System value\"]}}]"}}, {"model": "admin.logentry", "pk": 157, "fields": {"action_time": "2025-01-31T05:46:02.733Z", "user": 1, "content_type": 19, "object_id": "3", "object_repr": "Case Studies", "action_flag": 2, "change_message": "[{\"changed\": {\"fields\": [\"System value\"]}}]"}}, {"model": "admin.logentry", "pk": 158, "fields": {"action_time": "2025-01-31T05:53:27.962Z", "user": 1, "content_type": 19, "object_id": "3", "object_repr": "Case Studies", "action_flag": 2, "change_message": "[{\"changed\": {\"fields\": [\"System title\", \"System value\"]}}]"}}, {"model": "admin.logentry", "pk": 159, "fields": {"action_time": "2025-01-31T06:12:59.571Z", "user": 1, "content_type": 19, "object_id": "3", "object_repr": "Case Studies", "action_flag": 2, "change_message": "[{\"changed\": {\"fields\": [\"System title\", \"System value\"]}}]"}}, {"model": "admin.logentry", "pk": 160, "fields": {"action_time": "2025-01-31T06:19:53.246Z", "user": 1, "content_type": 19, "object_id": "3", "object_repr": "Case Studies", "action_flag": 2, "change_message": "[{\"changed\": {\"fields\": [\"System title\", \"System value\"]}}]"}}, {"model": "admin.logentry", "pk": 161, "fields": {"action_time": "2025-01-31T06:42:17.760Z", "user": 1, "content_type": 19, "object_id": "3", "object_repr": "Case Studies", "action_flag": 2, "change_message": "[]"}}, {"model": "admin.logentry", "pk": 162, "fields": {"action_time": "2025-01-31T08:48:02.744Z", "user": 1, "content_type": 19, "object_id": "3", "object_repr": "Case Studies", "action_flag": 2, "change_message": "[{\"changed\": {\"fields\": [\"System title\"]}}]"}}, {"model": "admin.logentry", "pk": 163, "fields": {"action_time": "2025-01-31T08:49:24.300Z", "user": 1, "content_type": 19, "object_id": "3", "object_repr": "Case Studies", "action_flag": 2, "change_message": "[{\"changed\": {\"fields\": [\"System title\"]}}]"}}, {"model": "admin.logentry", "pk": 164, "fields": {"action_time": "2025-01-31T09:02:37.912Z", "user": 1, "content_type": 19, "object_id": "3", "object_repr": "Case Studies", "action_flag": 2, "change_message": "[{\"changed\": {\"fields\": [\"System value\"]}}]"}}, {"model": "admin.logentry", "pk": 165, "fields": {"action_time": "2025-01-31T10:10:44.517Z", "user": 1, "content_type": 19, "object_id": "4", "object_repr": "Our latest Event", "action_flag": 1, "change_message": "[{\"added\": {}}]"}}, {"model": "admin.logentry", "pk": 166, "fields": {"action_time": "2025-01-31T10:41:02.104Z", "user": 1, "content_type": 19, "object_id": "4", "object_repr": "Our latest Event", "action_flag": 2, "change_message": "[]"}}, {"model": "admin.logentry", "pk": 167, "fields": {"action_time": "2025-01-31T11:12:49.169Z", "user": 1, "content_type": 19, "object_id": "4", "object_repr": "Our latest Event", "action_flag": 2, "change_message": "[]"}}, {"model": "admin.logentry", "pk": 168, "fields": {"action_time": "2025-02-01T04:04:51.033Z", "user": 1, "content_type": 19, "object_id": "4", "object_repr": "Our latest Event", "action_flag": 2, "change_message": "[{\"changed\": {\"fields\": [\"System value\"]}}]"}}, {"model": "admin.logentry", "pk": 169, "fields": {"action_time": "2025-02-01T04:28:18.440Z", "user": 1, "content_type": 19, "object_id": "4", "object_repr": "Our latest Event", "action_flag": 2, "change_message": "[]"}}, {"model": "admin.logentry", "pk": 170, "fields": {"action_time": "2025-02-01T04:29:52.481Z", "user": 1, "content_type": 19, "object_id": "4", "object_repr": "Our Latest Event", "action_flag": 2, "change_message": "[{\"changed\": {\"fields\": [\"System name\"]}}]"}}, {"model": "admin.logentry", "pk": 171, "fields": {"action_time": "2025-02-01T09:33:36.754Z", "user": 1, "content_type": 8, "object_id": "1", "object_repr": "Medical Aid", "action_flag": 1, "change_message": "[{\"added\": {}}]"}}, {"model": "admin.logentry", "pk": 172, "fields": {"action_time": "2025-02-01T09:33:49.866Z", "user": 1, "content_type": 8, "object_id": "1", "object_repr": "Medical Aid", "action_flag": 2, "change_message": "[]"}}, {"model": "admin.logentry", "pk": 173, "fields": {"action_time": "2025-02-01T09:33:58.702Z", "user": 1, "content_type": 8, "object_id": "1", "object_repr": "Medical Aid", "action_flag": 2, "change_message": "[]"}}, {"model": "admin.logentry", "pk": 174, "fields": {"action_time": "2025-02-01T10:12:41.987Z", "user": 1, "content_type": 22, "object_id": "1", "object_repr": "Medicine (Medical Aid)", "action_flag": 1, "change_message": "[{\"added\": {}}]"}}, {"model": "admin.logentry", "pk": 175, "fields": {"action_time": "2025-02-01T10:12:49.882Z", "user": 1, "content_type": 22, "object_id": "2", "object_repr": "Hospitalization (Medical Aid)", "action_flag": 1, "change_message": "[{\"added\": {}}]"}}, {"model": "admin.logentry", "pk": 176, "fields": {"action_time": "2025-02-01T10:12:58.092Z", "user": 1, "content_type": 22, "object_id": "3", "object_repr": "Diagnosis (Medical Aid)", "action_flag": 1, "change_message": "[{\"added\": {}}]"}}, {"model": "admin.logentry", "pk": 177, "fields": {"action_time": "2025-02-01T10:17:59.338Z", "user": 1, "content_type": 8, "object_id": "1", "object_repr": "Medical Aid", "action_flag": 2, "change_message": "[{\"changed\": {\"fields\": [\"Icon\"]}}]"}}, {"model": "admin.logentry", "pk": 178, "fields": {"action_time": "2025-02-01T10:18:04.836Z", "user": 1, "content_type": 8, "object_id": "1", "object_repr": "Medical Aid", "action_flag": 2, "change_message": "[]"}}, {"model": "admin.logentry", "pk": 179, "fields": {"action_time": "2025-02-01T10:19:35.436Z", "user": 1, "content_type": 8, "object_id": "2", "object_repr": "Cancer", "action_flag": 1, "change_message": "[{\"added\": {}}]"}}, {"model": "admin.logentry", "pk": 180, "fields": {"action_time": "2025-02-01T10:20:07.629Z", "user": 1, "content_type": 8, "object_id": "3", "object_repr": "Dialysis", "action_flag": 1, "change_message": "[{\"added\": {}}]"}}, {"model": "admin.logentry", "pk": 181, "fields": {"action_time": "2025-02-01T10:20:47.651Z", "user": 1, "content_type": 8, "object_id": "4", "object_repr": "Education", "action_flag": 1, "change_message": "[{\"added\": {}}]"}}, {"model": "admin.logentry", "pk": 182, "fields": {"action_time": "2025-02-01T10:21:04.429Z", "user": 1, "content_type": 22, "object_id": "2", "object_repr": "Hospitalization (Medical Aid)", "action_flag": 2, "change_message": "[]"}}, {"model": "admin.logentry", "pk": 183, "fields": {"action_time": "2025-02-01T10:21:22.353Z", "user": 1, "content_type": 22, "object_id": "4", "object_repr": "Medicine (Cancer)", "action_flag": 1, "change_message": "[{\"added\": {}}]"}}, {"model": "admin.logentry", "pk": 184, "fields": {"action_time": "2025-02-01T10:21:31.625Z", "user": 1, "content_type": 22, "object_id": "5", "object_repr": "Hospitalization (Cancer)", "action_flag": 1, "change_message": "[{\"added\": {}}]"}}, {"model": "admin.logentry", "pk": 185, "fields": {"action_time": "2025-02-01T12:02:01.810Z", "user": 1, "content_type": 23, "object_id": "1", "object_repr": "Footer Info 1", "action_flag": 1, "change_message": "[{\"added\": {}}]"}}, {"model": "admin.logentry", "pk": 186, "fields": {"action_time": "2025-02-01T12:20:06.699Z", "user": 1, "content_type": 19, "object_id": "5", "object_repr": "Gallery", "action_flag": 1, "change_message": "[{\"added\": {}}]"}}, {"model": "admin.logentry", "pk": 187, "fields": {"action_time": "2025-02-03T04:23:53.810Z", "user": 1, "content_type": 19, "object_id": "5", "object_repr": "Donate Section", "action_flag": 2, "change_message": "[{\"changed\": {\"fields\": [\"System name\", \"System title\", \"System value\", \"System img\"]}}]"}}, {"model": "admin.logentry", "pk": 188, "fields": {"action_time": "2025-02-03T05:10:23.783Z", "user": 1, "content_type": 19, "object_id": "6", "object_repr": "Gallery Image", "action_flag": 1, "change_message": "[{\"added\": {}}]"}}, {"model": "admin.logentry", "pk": 189, "fields": {"action_time": "2025-02-03T05:10:50.286Z", "user": 1, "content_type": 19, "object_id": "6", "object_repr": "Gallery Image", "action_flag": 2, "change_message": "[{\"changed\": {\"fields\": [\"System img\"]}}]"}}, {"model": "admin.logentry", "pk": 190, "fields": {"action_time": "2025-02-04T05:14:23.427Z", "user": 1, "content_type": 19, "object_id": "6", "object_repr": "Gallery", "action_flag": 2, "change_message": "[{\"changed\": {\"fields\": [\"System name\", \"System img\"]}}]"}}, {"model": "admin.logentry", "pk": 191, "fields": {"action_time": "2025-02-04T05:14:48.609Z", "user": 1, "content_type": 19, "object_id": "7", "object_repr": "Gallery", "action_flag": 1, "change_message": "[{\"added\": {}}]"}}, {"model": "admin.logentry", "pk": 192, "fields": {"action_time": "2025-02-04T05:14:59.760Z", "user": 1, "content_type": 19, "object_id": "8", "object_repr": "Gallery", "action_flag": 1, "change_message": "[{\"added\": {}}]"}}, {"model": "admin.logentry", "pk": 193, "fields": {"action_time": "2025-02-04T07:39:22.169Z", "user": 1, "content_type": 19, "object_id": "9", "object_repr": "Our Aim", "action_flag": 1, "change_message": "[{\"added\": {}}]"}}, {"model": "admin.logentry", "pk": 194, "fields": {"action_time": "2025-02-04T07:39:55.491Z", "user": 1, "content_type": 19, "object_id": "10", "object_repr": "Our Vision", "action_flag": 1, "change_message": "[{\"added\": {}}]"}}, {"model": "admin.logentry", "pk": 195, "fields": {"action_time": "2025-02-04T07:40:17.158Z", "user": 1, "content_type": 19, "object_id": "11", "object_repr": "Our Mission", "action_flag": 1, "change_message": "[{\"added\": {}}]"}}, {"model": "admin.logentry", "pk": 196, "fields": {"action_time": "2025-02-04T07:42:08.045Z", "user": 1, "content_type": 19, "object_id": "12", "object_repr": "about section", "action_flag": 1, "change_message": "[{\"added\": {}}]"}}, {"model": "admin.logentry", "pk": 197, "fields": {"action_time": "2025-02-04T07:44:12.366Z", "user": 1, "content_type": 19, "object_id": "12", "object_repr": "KCT", "action_flag": 2, "change_message": "[{\"changed\": {\"fields\": [\"System name\"]}}]"}}, {"model": "admin.logentry", "pk": 198, "fields": {"action_time": "2025-02-04T07:44:32.548Z", "user": 1, "content_type": 19, "object_id": "12", "object_repr": "KCT", "action_flag": 2, "change_message": "[{\"changed\": {\"fields\": [\"System title\"]}}]"}}, {"model": "admin.logentry", "pk": 199, "fields": {"action_time": "2025-02-04T09:51:25.770Z", "user": 1, "content_type": 19, "object_id": "13", "object_repr": "Gallery", "action_flag": 1, "change_message": "[{\"added\": {}}]"}}, {"model": "admin.logentry", "pk": 200, "fields": {"action_time": "2025-02-04T09:51:40.444Z", "user": 1, "content_type": 19, "object_id": "14", "object_repr": "Gallery", "action_flag": 1, "change_message": "[{\"added\": {}}]"}}, {"model": "admin.logentry", "pk": 201, "fields": {"action_time": "2025-02-04T09:51:54.604Z", "user": 1, "content_type": 19, "object_id": "15", "object_repr": "Gallery", "action_flag": 1, "change_message": "[{\"added\": {}}]"}}, {"model": "admin.logentry", "pk": 202, "fields": {"action_time": "2025-02-04T09:52:00.941Z", "user": 1, "content_type": 19, "object_id": "16", "object_repr": "Gallery", "action_flag": 1, "change_message": "[{\"added\": {}}]"}}, {"model": "admin.logentry", "pk": 203, "fields": {"action_time": "2025-02-04T09:52:10.837Z", "user": 1, "content_type": 19, "object_id": "16", "object_repr": "Gallery", "action_flag": 2, "change_message": "[{\"changed\": {\"fields\": [\"System img\"]}}]"}}, {"model": "admin.logentry", "pk": 204, "fields": {"action_time": "2025-02-04T09:52:59.679Z", "user": 1, "content_type": 19, "object_id": "17", "object_repr": "Gallery", "action_flag": 1, "change_message": "[{\"added\": {}}]"}}, {"model": "admin.logentry", "pk": 205, "fields": {"action_time": "2025-02-04T09:53:10.255Z", "user": 1, "content_type": 19, "object_id": "17", "object_repr": "Gallery", "action_flag": 2, "change_message": "[]"}}, {"model": "admin.logentry", "pk": 206, "fields": {"action_time": "2025-02-04T09:53:22.659Z", "user": 1, "content_type": 19, "object_id": "18", "object_repr": "Gallery", "action_flag": 1, "change_message": "[{\"added\": {}}]"}}, {"model": "admin.logentry", "pk": 207, "fields": {"action_time": "2025-02-04T09:53:36.068Z", "user": 1, "content_type": 19, "object_id": "19", "object_repr": "Gallery", "action_flag": 1, "change_message": "[{\"added\": {}}]"}}, {"model": "admin.logentry", "pk": 208, "fields": {"action_time": "2025-02-04T09:53:51.938Z", "user": 1, "content_type": 19, "object_id": "20", "object_repr": "Gallery", "action_flag": 1, "change_message": "[{\"added\": {}}]"}}, {"model": "admin.logentry", "pk": 209, "fields": {"action_time": "2025-02-04T09:54:02.839Z", "user": 1, "content_type": 19, "object_id": "21", "object_repr": "Gallery", "action_flag": 1, "change_message": "[{\"added\": {}}]"}}, {"model": "admin.logentry", "pk": 210, "fields": {"action_time": "2025-02-04T09:54:16.143Z", "user": 1, "content_type": 19, "object_id": "22", "object_repr": "Gallery", "action_flag": 1, "change_message": "[{\"added\": {}}]"}}, {"model": "admin.logentry", "pk": 211, "fields": {"action_time": "2025-02-04T09:54:30.678Z", "user": 1, "content_type": 19, "object_id": "23", "object_repr": "Gallery", "action_flag": 1, "change_message": "[{\"added\": {}}]"}}, {"model": "admin.logentry", "pk": 212, "fields": {"action_time": "2025-02-04T09:54:41.860Z", "user": 1, "content_type": 19, "object_id": "24", "object_repr": "Gallery", "action_flag": 1, "change_message": "[{\"added\": {}}]"}}, {"model": "admin.logentry", "pk": 213, "fields": {"action_time": "2025-02-04T09:54:52.868Z", "user": 1, "content_type": 19, "object_id": "25", "object_repr": "Gallery", "action_flag": 1, "change_message": "[{\"added\": {}}]"}}, {"model": "admin.logentry", "pk": 214, "fields": {"action_time": "2025-02-04T09:55:03.415Z", "user": 1, "content_type": 19, "object_id": "26", "object_repr": "Gallery", "action_flag": 1, "change_message": "[{\"added\": {}}]"}}, {"model": "admin.logentry", "pk": 215, "fields": {"action_time": "2025-02-04T09:55:13.292Z", "user": 1, "content_type": 19, "object_id": "27", "object_repr": "Gallery", "action_flag": 1, "change_message": "[{\"added\": {}}]"}}, {"model": "admin.logentry", "pk": 216, "fields": {"action_time": "2025-02-04T09:55:22.009Z", "user": 1, "content_type": 19, "object_id": "28", "object_repr": "Gallery", "action_flag": 1, "change_message": "[{\"added\": {}}]"}}, {"model": "admin.logentry", "pk": 217, "fields": {"action_time": "2025-02-04T09:55:30.922Z", "user": 1, "content_type": 19, "object_id": "29", "object_repr": "Gallery", "action_flag": 1, "change_message": "[{\"added\": {}}]"}}, {"model": "admin.logentry", "pk": 218, "fields": {"action_time": "2025-02-04T10:54:49.995Z", "user": 1, "content_type": 19, "object_id": "30", "object_repr": "about page Programs", "action_flag": 1, "change_message": "[{\"added\": {}}]"}}, {"model": "admin.logentry", "pk": 219, "fields": {"action_time": "2025-02-04T11:08:30.352Z", "user": 1, "content_type": 19, "object_id": "30", "object_repr": "about page Programs", "action_flag": 2, "change_message": "[{\"changed\": {\"fields\": [\"System title\"]}}]"}}, {"model": "admin.logentry", "pk": 220, "fields": {"action_time": "2025-02-04T11:12:56.156Z", "user": 1, "content_type": 19, "object_id": "30", "object_repr": "about page Programs", "action_flag": 2, "change_message": "[{\"changed\": {\"fields\": [\"System value\"]}}]"}}, {"model": "admin.logentry", "pk": 221, "fields": {"action_time": "2025-02-04T11:46:36.566Z", "user": 1, "content_type": 19, "object_id": "31", "object_repr": "activities page", "action_flag": 1, "change_message": "[{\"added\": {}}]"}}, {"model": "admin.logentry", "pk": 222, "fields": {"action_time": "2025-02-04T11:53:59.545Z", "user": 1, "content_type": 19, "object_id": "31", "object_repr": "activities page", "action_flag": 2, "change_message": "[{\"changed\": {\"fields\": [\"System title\"]}}]"}}, {"model": "admin.logentry", "pk": 223, "fields": {"action_time": "2025-02-04T11:55:09.632Z", "user": 1, "content_type": 19, "object_id": "32", "object_repr": "benefits page", "action_flag": 1, "change_message": "[{\"added\": {}}]"}}, {"model": "admin.logentry", "pk": 224, "fields": {"action_time": "2025-02-04T11:58:53.092Z", "user": 1, "content_type": 19, "object_id": "33", "object_repr": "career page", "action_flag": 1, "change_message": "[{\"added\": {}}]"}}, {"model": "admin.logentry", "pk": 225, "fields": {"action_time": "2025-02-04T12:35:00.727Z", "user": 1, "content_type": 19, "object_id": "34", "object_repr": "Afillated", "action_flag": 1, "change_message": "[{\"added\": {}}]"}}, {"model": "admin.logentry", "pk": 226, "fields": {"action_time": "2025-02-15T07:11:00.534Z", "user": 1, "content_type": 19, "object_id": "35", "object_repr": "footer", "action_flag": 1, "change_message": "[{\"added\": {}}]"}}, {"model": "admin.logentry", "pk": 227, "fields": {"action_time": "2025-02-15T07:11:16.202Z", "user": 1, "content_type": 19, "object_id": "35", "object_repr": "footer", "action_flag": 2, "change_message": "[]"}}, {"model": "admin.logentry", "pk": 228, "fields": {"action_time": "2025-02-15T07:26:59.691Z", "user": 1, "content_type": 19, "object_id": "35", "object_repr": "footer", "action_flag": 2, "change_message": "[]"}}, {"model": "admin.logentry", "pk": 229, "fields": {"action_time": "2025-02-15T07:36:52.625Z", "user": 1, "content_type": 19, "object_id": "35", "object_repr": "footer", "action_flag": 2, "change_message": "[{\"changed\": {\"fields\": [\"System title\", \"System value\"]}}]"}}, {"model": "admin.logentry", "pk": 230, "fields": {"action_time": "2025-02-15T07:37:08.969Z", "user": 1, "content_type": 19, "object_id": "35", "object_repr": "footer", "action_flag": 2, "change_message": "[]"}}, {"model": "admin.logentry", "pk": 231, "fields": {"action_time": "2025-02-15T08:32:07.680Z", "user": 1, "content_type": 19, "object_id": "35", "object_repr": "footer", "action_flag": 2, "change_message": "[]"}}, {"model": "admin.logentry", "pk": 232, "fields": {"action_time": "2025-02-15T08:34:03.277Z", "user": 1, "content_type": 19, "object_id": "35", "object_repr": "footer", "action_flag": 2, "change_message": "[]"}}, {"model": "admin.logentry", "pk": 233, "fields": {"action_time": "2025-02-15T08:41:40.260Z", "user": 1, "content_type": 19, "object_id": "35", "object_repr": "footer", "action_flag": 2, "change_message": "[]"}}, {"model": "admin.logentry", "pk": 234, "fields": {"action_time": "2025-02-15T08:46:19.787Z", "user": 1, "content_type": 19, "object_id": "35", "object_repr": "footer", "action_flag": 2, "change_message": "[{\"changed\": {\"fields\": [\"System value\"]}}]"}}, {"model": "admin.logentry", "pk": 235, "fields": {"action_time": "2025-02-15T08:56:49.138Z", "user": 1, "content_type": 19, "object_id": "35", "object_repr": "footer", "action_flag": 2, "change_message": "[{\"changed\": {\"fields\": [\"System value\"]}}]"}}, {"model": "admin.logentry", "pk": 236, "fields": {"action_time": "2025-02-15T09:02:52.260Z", "user": 1, "content_type": 19, "object_id": "35", "object_repr": "footer", "action_flag": 2, "change_message": "[{\"changed\": {\"fields\": [\"System value\"]}}]"}}, {"model": "admin.logentry", "pk": 237, "fields": {"action_time": "2025-02-15T09:11:01.968Z", "user": 1, "content_type": 19, "object_id": "35", "object_repr": "footer", "action_flag": 2, "change_message": "[{\"changed\": {\"fields\": [\"System value\"]}}]"}}, {"model": "admin.logentry", "pk": 238, "fields": {"action_time": "2025-02-15T09:26:23.486Z", "user": 1, "content_type": 19, "object_id": "35", "object_repr": "\"footer\"", "action_flag": 2, "change_message": "[{\"changed\": {\"fields\": [\"System name\", \"System title\", \"System value\"]}}]"}}, {"model": "admin.logentry", "pk": 239, "fields": {"action_time": "2025-02-15T09:26:55.356Z", "user": 1, "content_type": 19, "object_id": "35", "object_repr": "footer", "action_flag": 2, "change_message": "[{\"changed\": {\"fields\": [\"System name\", \"System title\", \"System value\"]}}]"}}, {"model": "admin.logentry", "pk": 240, "fields": {"action_time": "2025-02-15T09:28:58.286Z", "user": 1, "content_type": 19, "object_id": "35", "object_repr": "footer", "action_flag": 2, "change_message": "[{\"changed\": {\"fields\": [\"System value\"]}}]"}}, {"model": "admin.logentry", "pk": 241, "fields": {"action_time": "2025-02-15T09:29:21.484Z", "user": 1, "content_type": 19, "object_id": "35", "object_repr": "footer", "action_flag": 2, "change_message": "[{\"changed\": {\"fields\": [\"System value\"]}}]"}}, {"model": "admin.logentry", "pk": 242, "fields": {"action_time": "2025-02-15T09:29:44.155Z", "user": 1, "content_type": 19, "object_id": "35", "object_repr": "footer", "action_flag": 2, "change_message": "[{\"changed\": {\"fields\": [\"System value\"]}}]"}}, {"model": "admin.logentry", "pk": 243, "fields": {"action_time": "2025-02-15T09:33:29.681Z", "user": 1, "content_type": 19, "object_id": "35", "object_repr": "footer", "action_flag": 2, "change_message": "[{\"changed\": {\"fields\": [\"System value\"]}}]"}}, {"model": "admin.logentry", "pk": 244, "fields": {"action_time": "2025-02-15T10:24:24.838Z", "user": 1, "content_type": 19, "object_id": "35", "object_repr": "footer", "action_flag": 2, "change_message": "[{\"changed\": {\"fields\": [\"System value\"]}}]"}}, {"model": "admin.logentry", "pk": 245, "fields": {"action_time": "2025-02-15T10:32:03.884Z", "user": 1, "content_type": 19, "object_id": "35", "object_repr": "footer", "action_flag": 2, "change_message": "[{\"changed\": {\"fields\": [\"System value\"]}}]"}}, {"model": "admin.logentry", "pk": 246, "fields": {"action_time": "2025-02-15T10:38:03.490Z", "user": 1, "content_type": 19, "object_id": "35", "object_repr": "footer", "action_flag": 2, "change_message": "[]"}}, {"model": "admin.logentry", "pk": 247, "fields": {"action_time": "2025-02-17T05:41:59.813Z", "user": 1, "content_type": 19, "object_id": "35", "object_repr": "footer", "action_flag": 2, "change_message": "[{\"changed\": {\"fields\": [\"System value\"]}}]"}}, {"model": "admin.logentry", "pk": 248, "fields": {"action_time": "2025-02-17T05:42:43.177Z", "user": 1, "content_type": 19, "object_id": "35", "object_repr": "footer", "action_flag": 2, "change_message": "[{\"changed\": {\"fields\": [\"System value\"]}}]"}}, {"model": "admin.logentry", "pk": 249, "fields": {"action_time": "2025-02-17T12:12:02.317Z", "user": 1, "content_type": 8, "object_id": "1", "object_repr": "Medical Aid", "action_flag": 2, "change_message": "[]"}}, {"model": "admin.logentry", "pk": 250, "fields": {"action_time": "2025-02-17T12:12:57.994Z", "user": 1, "content_type": 8, "object_id": "2", "object_repr": "Cancer", "action_flag": 2, "change_message": "[]"}}, {"model": "admin.logentry", "pk": 251, "fields": {"action_time": "2025-02-17T12:13:11.878Z", "user": 1, "content_type": 8, "object_id": "3", "object_repr": "Dialysis", "action_flag": 2, "change_message": "[{\"changed\": {\"fields\": [\"Icon\"]}}]"}}, {"model": "admin.logentry", "pk": 252, "fields": {"action_time": "2025-02-17T12:13:24.037Z", "user": 1, "content_type": 8, "object_id": "4", "object_repr": "Education", "action_flag": 2, "change_message": "[{\"changed\": {\"fields\": [\"Icon\"]}}]"}}, {"model": "admin.logentry", "pk": 253, "fields": {"action_time": "2025-02-17T12:13:46.123Z", "user": 1, "content_type": 8, "object_id": "2", "object_repr": "Cancer", "action_flag": 2, "change_message": "[{\"changed\": {\"fields\": [\"Icon\"]}}]"}}, {"model": "admin.logentry", "pk": 254, "fields": {"action_time": "2025-02-18T04:33:32.606Z", "user": 1, "content_type": 16, "object_id": "29", "object_repr": "Anmol Chemist – General Medical -> Pharmacy Store Association", "action_flag": 2, "change_message": "[{\"changed\": {\"fields\": [\"Name\"]}}]"}}, {"model": "admin.logentry", "pk": 255, "fields": {"action_time": "2025-02-18T05:34:21.184Z", "user": 1, "content_type": 19, "object_id": "4", "object_repr": "Our Latest Event", "action_flag": 2, "change_message": "[]"}}, {"model": "admin.logentry", "pk": 256, "fields": {"action_time": "2025-02-18T05:36:18.501Z", "user": 1, "content_type": 19, "object_id": "34", "object_repr": "Afillated", "action_flag": 2, "change_message": "[{\"changed\": {\"fields\": [\"System value\"]}}]"}}, {"model": "admin.logentry", "pk": 257, "fields": {"action_time": "2025-02-18T07:22:26.560Z", "user": 1, "content_type": 19, "object_id": "35", "object_repr": "footer", "action_flag": 2, "change_message": "[]"}}, {"model": "admin.logentry", "pk": 258, "fields": {"action_time": "2025-02-18T07:23:17.361Z", "user": 1, "content_type": 16, "object_id": "6", "object_repr": "Afzal Kadar -> Our Managing Trustee​", "action_flag": 3, "change_message": ""}}, {"model": "admin.logentry", "pk": 259, "fields": {"action_time": "2025-02-18T07:24:07.459Z", "user": 1, "content_type": 16, "object_id": "1", "object_repr": "Abdul Hamid Nathani -> Our Managing Trustee​", "action_flag": 2, "change_message": "[]"}}, {"model": "admin.logentry", "pk": 260, "fields": {"action_time": "2025-02-18T11:25:46.789Z", "user": 1, "content_type": 19, "object_id": "31", "object_repr": "activities page", "action_flag": 2, "change_message": "[{\"changed\": {\"fields\": [\"System title\"]}}]"}}, {"model": "admin.logentry", "pk": 261, "fields": {"action_time": "2025-02-18T11:26:58.212Z", "user": 1, "content_type": 19, "object_id": "32", "object_repr": "benefits page", "action_flag": 2, "change_message": "[{\"changed\": {\"fields\": [\"System title\", \"System value\"]}}]"}}, {"model": "admin.logentry", "pk": 262, "fields": {"action_time": "2025-02-18T13:01:58.247Z", "user": 1, "content_type": 16, "object_id": "1", "object_repr": "Abdul Hamid Nathani -> Our Managing Trustee​", "action_flag": 2, "change_message": "[]"}}, {"model": "admin.logentry", "pk": 263, "fields": {"action_time": "2025-02-19T06:01:26.746Z", "user": 1, "content_type": 19, "object_id": "36", "object_repr": "Event Details", "action_flag": 1, "change_message": "[{\"added\": {}}]"}}, {"model": "admin.logentry", "pk": 264, "fields": {"action_time": "2025-02-19T06:12:18.382Z", "user": 1, "content_type": 19, "object_id": "2", "object_repr": "BENEFICIARIES AID", "action_flag": 2, "change_message": "[{\"changed\": {\"fields\": [\"System title\", \"System value\"]}}]"}}, {"model": "admin.logentry", "pk": 265, "fields": {"action_time": "2025-02-19T06:14:30.686Z", "user": 1, "content_type": 19, "object_id": "36", "object_repr": "Event Details", "action_flag": 2, "change_message": "[{\"changed\": {\"fields\": [\"System title\", \"System value\"]}}]"}}, {"model": "admin.logentry", "pk": 266, "fields": {"action_time": "2025-02-19T06:15:07.636Z", "user": 1, "content_type": 19, "object_id": "36", "object_repr": "Event Details", "action_flag": 2, "change_message": "[{\"changed\": {\"fields\": [\"System value\"]}}]"}}, {"model": "admin.logentry", "pk": 267, "fields": {"action_time": "2025-02-19T06:17:24.118Z", "user": 1, "content_type": 19, "object_id": "36", "object_repr": "Event Details", "action_flag": 2, "change_message": "[{\"changed\": {\"fields\": [\"System img\"]}}]"}}, {"model": "admin.logentry", "pk": 268, "fields": {"action_time": "2025-02-19T06:22:18.337Z", "user": 1, "content_type": 19, "object_id": "4", "object_repr": "Our Latest Event", "action_flag": 2, "change_message": "[{\"changed\": {\"fields\": [\"System title\", \"System value\"]}}]"}}, {"model": "admin.logentry", "pk": 269, "fields": {"action_time": "2025-02-19T06:22:46.976Z", "user": 1, "content_type": 19, "object_id": "4", "object_repr": "Our Latest Event", "action_flag": 2, "change_message": "[{\"changed\": {\"fields\": [\"System value\"]}}]"}}, {"model": "admin.logentry", "pk": 270, "fields": {"action_time": "2025-02-19T06:36:34.627Z", "user": 1, "content_type": 19, "object_id": "4", "object_repr": "Our Latest Event", "action_flag": 2, "change_message": "[{\"changed\": {\"fields\": [\"System title\", \"System value\"]}}]"}}, {"model": "admin.logentry", "pk": 271, "fields": {"action_time": "2025-02-19T06:37:04.709Z", "user": 1, "content_type": 19, "object_id": "2", "object_repr": "BENEFICIARIES AID", "action_flag": 2, "change_message": "[{\"changed\": {\"fields\": [\"System title\", \"System value\"]}}]"}}, {"model": "admin.logentry", "pk": 272, "fields": {"action_time": "2025-02-19T06:40:51.356Z", "user": 1, "content_type": 19, "object_id": "36", "object_repr": "Event Details", "action_flag": 3, "change_message": ""}}, {"model": "admin.logentry", "pk": 273, "fields": {"action_time": "2025-02-19T07:21:09.601Z", "user": 1, "content_type": 26, "object_id": "1", "object_repr": "Dialysis Center", "action_flag": 1, "change_message": "[{\"added\": {}}]"}}, {"model": "admin.logentry", "pk": 274, "fields": {"action_time": "2025-02-19T07:23:53.540Z", "user": 1, "content_type": 26, "object_id": "2", "object_repr": "RAMZAN AND MONTHLY RATION AID", "action_flag": 1, "change_message": "[{\"added\": {}}]"}}, {"model": "admin.logentry", "pk": 275, "fields": {"action_time": "2025-02-19T07:25:29.353Z", "user": 1, "content_type": 26, "object_id": "3", "object_repr": "WHY SHOULD ANYONE APPROACH KCT FOR HELP AND ASSISTANCE?", "action_flag": 1, "change_message": "[{\"added\": {}}]"}}, {"model": "admin.logentry", "pk": 276, "fields": {"action_time": "2025-02-19T07:36:59.226Z", "user": 1, "content_type": 26, "object_id": "1", "object_repr": "Dialysis Center", "action_flag": 2, "change_message": "[]"}}, {"model": "admin.logentry", "pk": 277, "fields": {"action_time": "2025-02-19T09:29:53.183Z", "user": 1, "content_type": 26, "object_id": "1", "object_repr": "Dialysis Center", "action_flag": 2, "change_message": "[]"}}, {"model": "admin.logentry", "pk": 278, "fields": {"action_time": "2025-02-19T09:43:19.005Z", "user": 1, "content_type": 26, "object_id": "2", "object_repr": "RAMZAN AND MONTHLY RATION AID", "action_flag": 2, "change_message": "[{\"changed\": {\"fields\": [\"Event description\"]}}]"}}, {"model": "admin.logentry", "pk": 279, "fields": {"action_time": "2025-02-19T09:43:54.141Z", "user": 1, "content_type": 26, "object_id": "3", "object_repr": "WHY SHOULD ANYONE APPROACH KCT FOR HELP AND ASSISTANCE?", "action_flag": 2, "change_message": "[{\"changed\": {\"fields\": [\"Event description\"]}}]"}}, {"model": "admin.logentry", "pk": 280, "fields": {"action_time": "2025-02-19T10:07:16.712Z", "user": 1, "content_type": 26, "object_id": "3", "object_repr": "WHY SHOULD ANYONE APPROACH KCT FOR HELP AND ASSISTANCE?", "action_flag": 2, "change_message": "[{\"changed\": {\"fields\": [\"Time\"]}}]"}}, {"model": "admin.logentry", "pk": 281, "fields": {"action_time": "2025-02-19T10:07:44.912Z", "user": 1, "content_type": 26, "object_id": "2", "object_repr": "RAMZAN AND MONTHLY RATION AID", "action_flag": 2, "change_message": "[{\"changed\": {\"fields\": [\"Time\"]}}]"}}, {"model": "admin.logentry", "pk": 282, "fields": {"action_time": "2025-02-19T10:07:50.363Z", "user": 1, "content_type": 26, "object_id": "1", "object_repr": "Dialysis Center", "action_flag": 2, "change_message": "[{\"changed\": {\"fields\": [\"Time\"]}}]"}}, {"model": "admin.logentry", "pk": 283, "fields": {"action_time": "2025-02-19T10:24:30.085Z", "user": 1, "content_type": 26, "object_id": "2", "object_repr": "RAMZAN AND MONTHLY RATION AID", "action_flag": 2, "change_message": "[{\"changed\": {\"fields\": [\"Event description\"]}}]"}}, {"model": "admin.logentry", "pk": 284, "fields": {"action_time": "2025-02-19T10:26:01.698Z", "user": 1, "content_type": 26, "object_id": "1", "object_repr": "Dialysis Center", "action_flag": 2, "change_message": "[{\"changed\": {\"fields\": [\"Event description\"]}}]"}}, {"model": "admin.logentry", "pk": 285, "fields": {"action_time": "2025-02-19T10:26:13.746Z", "user": 1, "content_type": 26, "object_id": "1", "object_repr": "Dialysis Center", "action_flag": 2, "change_message": "[]"}}, {"model": "admin.logentry", "pk": 286, "fields": {"action_time": "2025-02-19T10:26:22.960Z", "user": 1, "content_type": 26, "object_id": "1", "object_repr": "Dialysis Center", "action_flag": 2, "change_message": "[{\"changed\": {\"fields\": [\"Event description\"]}}]"}}, {"model": "admin.logentry", "pk": 287, "fields": {"action_time": "2025-02-19T10:26:31.903Z", "user": 1, "content_type": 26, "object_id": "2", "object_repr": "RAMZAN AND MONTHLY RATION AID", "action_flag": 2, "change_message": "[{\"changed\": {\"fields\": [\"Event description\"]}}]"}}, {"model": "admin.logentry", "pk": 288, "fields": {"action_time": "2025-02-19T10:35:14.740Z", "user": 1, "content_type": 27, "object_id": "1", "object_repr": "Dialysis Center", "action_flag": 1, "change_message": "[{\"added\": {}}]"}}, {"model": "admin.logentry", "pk": 289, "fields": {"action_time": "2025-02-19T10:51:22.592Z", "user": 1, "content_type": 27, "object_id": "1", "object_repr": "Dialysis Center", "action_flag": 2, "change_message": "[]"}}, {"model": "admin.logentry", "pk": 290, "fields": {"action_time": "2025-02-19T10:57:23.978Z", "user": 1, "content_type": 27, "object_id": "1", "object_repr": "Dialysis Center", "action_flag": 2, "change_message": "[]"}}, {"model": "admin.logentry", "pk": 291, "fields": {"action_time": "2025-02-19T11:30:56.310Z", "user": 1, "content_type": 27, "object_id": "1", "object_repr": "Dialysis Center", "action_flag": 2, "change_message": "[{\"changed\": {\"fields\": [\"Event quote\"]}}]"}}, {"model": "admin.logentry", "pk": 292, "fields": {"action_time": "2025-02-19T12:09:37.988Z", "user": 1, "content_type": 26, "object_id": "1", "object_repr": "Dialysis Center", "action_flag": 2, "change_message": "[{\"changed\": {\"fields\": [\"Event feature\"]}}]"}}, {"model": "admin.logentry", "pk": 293, "fields": {"action_time": "2025-02-19T12:14:39.705Z", "user": 1, "content_type": 26, "object_id": "2", "object_repr": "RAMZAN AND MONTHLY RATION AID", "action_flag": 2, "change_message": "[{\"changed\": {\"fields\": [\"Event feature\"]}}]"}}, {"model": "admin.logentry", "pk": 294, "fields": {"action_time": "2025-02-19T12:18:03.505Z", "user": 1, "content_type": 26, "object_id": "2", "object_repr": "RAMZAN AND MONTHLY RATION AID", "action_flag": 2, "change_message": "[{\"changed\": {\"fields\": [\"Event description\"]}}]"}}, {"model": "admin.logentry", "pk": 295, "fields": {"action_time": "2025-02-19T12:25:34.779Z", "user": 1, "content_type": 26, "object_id": "1", "object_repr": "Dialysis Center", "action_flag": 2, "change_message": "[{\"changed\": {\"fields\": [\"Event feature\"]}}]"}}, {"model": "admin.logentry", "pk": 296, "fields": {"action_time": "2025-02-19T12:25:45.487Z", "user": 1, "content_type": 26, "object_id": "1", "object_repr": "Dialysis Center", "action_flag": 2, "change_message": "[{\"changed\": {\"fields\": [\"Event feature\"]}}]"}}, {"model": "admin.logentry", "pk": 297, "fields": {"action_time": "2025-02-19T12:27:00.402Z", "user": 1, "content_type": 26, "object_id": "3", "object_repr": "WHY SHOULD ANYONE APPROACH KCT FOR HELP AND ASSISTANCE?", "action_flag": 2, "change_message": "[{\"changed\": {\"fields\": [\"Event feature\"]}}]"}}, {"model": "admin.logentry", "pk": 298, "fields": {"action_time": "2025-02-19T13:01:36.701Z", "user": 1, "content_type": 26, "object_id": "3", "object_repr": "HELP AND ASSISTANCE", "action_flag": 2, "change_message": "[{\"changed\": {\"fields\": [\"Event title\"]}}]"}}, {"model": "admin.logentry", "pk": 299, "fields": {"action_time": "2025-02-19T13:02:41.395Z", "user": 1, "content_type": 26, "object_id": "1", "object_repr": "Dialysis Center", "action_flag": 2, "change_message": "[]"}}, {"model": "admin.logentry", "pk": 300, "fields": {"action_time": "2025-02-19T13:03:46.866Z", "user": 1, "content_type": 26, "object_id": "1", "object_repr": "DIALYSIS CENTRE", "action_flag": 2, "change_message": "[{\"changed\": {\"fields\": [\"Event title\"]}}]"}}, {"model": "admin.logentry", "pk": 301, "fields": {"action_time": "2025-02-25T04:58:27.522Z", "user": 1, "content_type": 4, "object_id": "1", "object_repr": "shaziya01", "action_flag": 2, "change_message": "[{\"changed\": {\"fields\": [\"Active\"]}}]"}}, {"model": "auth.permission", "pk": 1, "fields": {"name": "Can add log entry", "content_type": 1, "codename": "add_logentry"}}, {"model": "auth.permission", "pk": 2, "fields": {"name": "Can change log entry", "content_type": 1, "codename": "change_logentry"}}, {"model": "auth.permission", "pk": 3, "fields": {"name": "Can delete log entry", "content_type": 1, "codename": "delete_logentry"}}, {"model": "auth.permission", "pk": 4, "fields": {"name": "Can view log entry", "content_type": 1, "codename": "view_logentry"}}, {"model": "auth.permission", "pk": 5, "fields": {"name": "Can add permission", "content_type": 2, "codename": "add_permission"}}, {"model": "auth.permission", "pk": 6, "fields": {"name": "Can change permission", "content_type": 2, "codename": "change_permission"}}, {"model": "auth.permission", "pk": 7, "fields": {"name": "Can delete permission", "content_type": 2, "codename": "delete_permission"}}, {"model": "auth.permission", "pk": 8, "fields": {"name": "Can view permission", "content_type": 2, "codename": "view_permission"}}, {"model": "auth.permission", "pk": 9, "fields": {"name": "Can add group", "content_type": 3, "codename": "add_group"}}, {"model": "auth.permission", "pk": 10, "fields": {"name": "Can change group", "content_type": 3, "codename": "change_group"}}, {"model": "auth.permission", "pk": 11, "fields": {"name": "Can delete group", "content_type": 3, "codename": "delete_group"}}, {"model": "auth.permission", "pk": 12, "fields": {"name": "Can view group", "content_type": 3, "codename": "view_group"}}, {"model": "auth.permission", "pk": 13, "fields": {"name": "Can add user", "content_type": 4, "codename": "add_user"}}, {"model": "auth.permission", "pk": 14, "fields": {"name": "Can change user", "content_type": 4, "codename": "change_user"}}, {"model": "auth.permission", "pk": 15, "fields": {"name": "Can delete user", "content_type": 4, "codename": "delete_user"}}, {"model": "auth.permission", "pk": 16, "fields": {"name": "Can view user", "content_type": 4, "codename": "view_user"}}, {"model": "auth.permission", "pk": 17, "fields": {"name": "Can add content type", "content_type": 5, "codename": "add_contenttype"}}, {"model": "auth.permission", "pk": 18, "fields": {"name": "Can change content type", "content_type": 5, "codename": "change_contenttype"}}, {"model": "auth.permission", "pk": 19, "fields": {"name": "Can delete content type", "content_type": 5, "codename": "delete_contenttype"}}, {"model": "auth.permission", "pk": 20, "fields": {"name": "Can view content type", "content_type": 5, "codename": "view_contenttype"}}, {"model": "auth.permission", "pk": 21, "fields": {"name": "Can add session", "content_type": 6, "codename": "add_session"}}, {"model": "auth.permission", "pk": 22, "fields": {"name": "Can change session", "content_type": 6, "codename": "change_session"}}, {"model": "auth.permission", "pk": 23, "fields": {"name": "Can delete session", "content_type": 6, "codename": "delete_session"}}, {"model": "auth.permission", "pk": 24, "fields": {"name": "Can view session", "content_type": 6, "codename": "view_session"}}, {"model": "auth.permission", "pk": 25, "fields": {"name": "Can add beneficiary master", "content_type": 7, "codename": "add_beneficiarymaster"}}, {"model": "auth.permission", "pk": 26, "fields": {"name": "Can change beneficiary master", "content_type": 7, "codename": "change_beneficiarymaster"}}, {"model": "auth.permission", "pk": 27, "fields": {"name": "Can delete beneficiary master", "content_type": 7, "codename": "delete_beneficiarymaster"}}, {"model": "auth.permission", "pk": 28, "fields": {"name": "Can view beneficiary master", "content_type": 7, "codename": "view_beneficiarymaster"}}, {"model": "auth.permission", "pk": 29, "fields": {"name": "Can add baneficiary category", "content_type": 8, "codename": "add_baneficiarycategory"}}, {"model": "auth.permission", "pk": 30, "fields": {"name": "Can change baneficiary category", "content_type": 8, "codename": "change_baneficiarycategory"}}, {"model": "auth.permission", "pk": 31, "fields": {"name": "Can delete baneficiary category", "content_type": 8, "codename": "delete_baneficiarycategory"}}, {"model": "auth.permission", "pk": 32, "fields": {"name": "Can view baneficiary category", "content_type": 8, "codename": "view_baneficiarycategory"}}, {"model": "auth.permission", "pk": 33, "fields": {"name": "Can add beneficiary category", "content_type": 8, "codename": "add_beneficiarycategory"}}, {"model": "auth.permission", "pk": 34, "fields": {"name": "Can change beneficiary category", "content_type": 8, "codename": "change_beneficiarycategory"}}, {"model": "auth.permission", "pk": 35, "fields": {"name": "Can delete beneficiary category", "content_type": 8, "codename": "delete_beneficiarycategory"}}, {"model": "auth.permission", "pk": 36, "fields": {"name": "Can view beneficiary category", "content_type": 8, "codename": "view_beneficiarycategory"}}, {"model": "auth.permission", "pk": 37, "fields": {"name": "Can add key program master", "content_type": 9, "codename": "add_keyprogrammaster"}}, {"model": "auth.permission", "pk": 38, "fields": {"name": "Can change key program master", "content_type": 9, "codename": "change_keyprogrammaster"}}, {"model": "auth.permission", "pk": 39, "fields": {"name": "Can delete key program master", "content_type": 9, "codename": "delete_keyprogrammaster"}}, {"model": "auth.permission", "pk": 40, "fields": {"name": "Can view key program master", "content_type": 9, "codename": "view_keyprogrammaster"}}, {"model": "auth.permission", "pk": 41, "fields": {"name": "Can add beneficiary aid", "content_type": 10, "codename": "add_beneficiaryaid"}}, {"model": "auth.permission", "pk": 42, "fields": {"name": "Can change beneficiary aid", "content_type": 10, "codename": "change_beneficiaryaid"}}, {"model": "auth.permission", "pk": 43, "fields": {"name": "Can delete beneficiary aid", "content_type": 10, "codename": "delete_beneficiaryaid"}}, {"model": "auth.permission", "pk": 44, "fields": {"name": "Can view beneficiary aid", "content_type": 10, "codename": "view_beneficiaryaid"}}, {"model": "auth.permission", "pk": 45, "fields": {"name": "Can add case studies master", "content_type": 11, "codename": "add_casestudiesmaster"}}, {"model": "auth.permission", "pk": 46, "fields": {"name": "Can change case studies master", "content_type": 11, "codename": "change_casestudiesmaster"}}, {"model": "auth.permission", "pk": 47, "fields": {"name": "Can delete case studies master", "content_type": 11, "codename": "delete_casestudiesmaster"}}, {"model": "auth.permission", "pk": 48, "fields": {"name": "Can view case studies master", "content_type": 11, "codename": "view_casestudiesmaster"}}, {"model": "auth.permission", "pk": 49, "fields": {"name": "Can add latest event master", "content_type": 12, "codename": "add_latesteventmaster"}}, {"model": "auth.permission", "pk": 50, "fields": {"name": "Can change latest event master", "content_type": 12, "codename": "change_latesteventmaster"}}, {"model": "auth.permission", "pk": 51, "fields": {"name": "Can delete latest event master", "content_type": 12, "codename": "delete_latesteventmaster"}}, {"model": "auth.permission", "pk": 52, "fields": {"name": "Can view latest event master", "content_type": 12, "codename": "view_latesteventmaster"}}, {"model": "auth.permission", "pk": 53, "fields": {"name": "Can add gallery activity master", "content_type": 13, "codename": "add_galleryactivitymaster"}}, {"model": "auth.permission", "pk": 54, "fields": {"name": "Can change gallery activity master", "content_type": 13, "codename": "change_galleryactivitymaster"}}, {"model": "auth.permission", "pk": 55, "fields": {"name": "Can delete gallery activity master", "content_type": 13, "codename": "delete_galleryactivitymaster"}}, {"model": "auth.permission", "pk": 56, "fields": {"name": "Can view gallery activity master", "content_type": 13, "codename": "view_galleryactivitymaster"}}, {"model": "auth.permission", "pk": 57, "fields": {"name": "Can add managing trustee", "content_type": 14, "codename": "add_managingtrustee"}}, {"model": "auth.permission", "pk": 58, "fields": {"name": "Can change managing trustee", "content_type": 14, "codename": "change_managingtrustee"}}, {"model": "auth.permission", "pk": 59, "fields": {"name": "Can delete managing trustee", "content_type": 14, "codename": "delete_managingtrustee"}}, {"model": "auth.permission", "pk": 60, "fields": {"name": "Can view managing trustee", "content_type": 14, "codename": "view_managingtrustee"}}, {"model": "auth.permission", "pk": 61, "fields": {"name": "Can add managing list category master", "content_type": 15, "codename": "add_managinglistcategorymaster"}}, {"model": "auth.permission", "pk": 62, "fields": {"name": "Can change managing list category master", "content_type": 15, "codename": "change_managinglistcategorymaster"}}, {"model": "auth.permission", "pk": 63, "fields": {"name": "Can delete managing list category master", "content_type": 15, "codename": "delete_managinglistcategorymaster"}}, {"model": "auth.permission", "pk": 64, "fields": {"name": "Can view managing list category master", "content_type": 15, "codename": "view_managinglistcategorymaster"}}, {"model": "auth.permission", "pk": 65, "fields": {"name": "Can add list item category", "content_type": 16, "codename": "add_listitemcategory"}}, {"model": "auth.permission", "pk": 66, "fields": {"name": "Can change list item category", "content_type": 16, "codename": "change_listitemcategory"}}, {"model": "auth.permission", "pk": 67, "fields": {"name": "Can delete list item category", "content_type": 16, "codename": "delete_listitemcategory"}}, {"model": "auth.permission", "pk": 68, "fields": {"name": "Can view list item category", "content_type": 16, "codename": "view_listitemcategory"}}, {"model": "auth.permission", "pk": 69, "fields": {"name": "Can add category model", "content_type": 17, "codename": "add_categorymodel"}}, {"model": "auth.permission", "pk": 70, "fields": {"name": "Can change category model", "content_type": 17, "codename": "change_categorymodel"}}, {"model": "auth.permission", "pk": 71, "fields": {"name": "Can delete category model", "content_type": 17, "codename": "delete_categorymodel"}}, {"model": "auth.permission", "pk": 72, "fields": {"name": "Can view category model", "content_type": 17, "codename": "view_categorymodel"}}, {"model": "auth.permission", "pk": 73, "fields": {"name": "Can add master model", "content_type": 18, "codename": "add_mastermodel"}}, {"model": "auth.permission", "pk": 74, "fields": {"name": "Can change master model", "content_type": 18, "codename": "change_mastermodel"}}, {"model": "auth.permission", "pk": 75, "fields": {"name": "Can delete master model", "content_type": 18, "codename": "delete_mastermodel"}}, {"model": "auth.permission", "pk": 76, "fields": {"name": "Can view master model", "content_type": 18, "codename": "view_mastermodel"}}, {"model": "auth.permission", "pk": 77, "fields": {"name": "Can add list item", "content_type": 16, "codename": "add_listitem"}}, {"model": "auth.permission", "pk": 78, "fields": {"name": "Can change list item", "content_type": 16, "codename": "change_listitem"}}, {"model": "auth.permission", "pk": 79, "fields": {"name": "Can delete list item", "content_type": 16, "codename": "delete_listitem"}}, {"model": "auth.permission", "pk": 80, "fields": {"name": "Can view list item", "content_type": 16, "codename": "view_listitem"}}, {"model": "auth.permission", "pk": 81, "fields": {"name": "Can add managing list category", "content_type": 15, "codename": "add_managinglistcategory"}}, {"model": "auth.permission", "pk": 82, "fields": {"name": "Can change managing list category", "content_type": 15, "codename": "change_managinglistcategory"}}, {"model": "auth.permission", "pk": 83, "fields": {"name": "Can delete managing list category", "content_type": 15, "codename": "delete_managinglistcategory"}}, {"model": "auth.permission", "pk": 84, "fields": {"name": "Can view managing list category", "content_type": 15, "codename": "view_managinglistcategory"}}, {"model": "auth.permission", "pk": 85, "fields": {"name": "Can add system master", "content_type": 19, "codename": "add_systemmaster"}}, {"model": "auth.permission", "pk": 86, "fields": {"name": "Can change system master", "content_type": 19, "codename": "change_systemmaster"}}, {"model": "auth.permission", "pk": 87, "fields": {"name": "Can delete system master", "content_type": 19, "codename": "delete_systemmaster"}}, {"model": "auth.permission", "pk": 88, "fields": {"name": "Can view system master", "content_type": 19, "codename": "view_systemmaster"}}, {"model": "auth.permission", "pk": 89, "fields": {"name": "Can add beneficiary", "content_type": 20, "codename": "add_beneficiary"}}, {"model": "auth.permission", "pk": 90, "fields": {"name": "Can change beneficiary", "content_type": 20, "codename": "change_beneficiary"}}, {"model": "auth.permission", "pk": 91, "fields": {"name": "Can delete beneficiary", "content_type": 20, "codename": "delete_beneficiary"}}, {"model": "auth.permission", "pk": 92, "fields": {"name": "Can view beneficiary", "content_type": 20, "codename": "view_beneficiary"}}, {"model": "auth.permission", "pk": 93, "fields": {"name": "Can add category", "content_type": 21, "codename": "add_category"}}, {"model": "auth.permission", "pk": 94, "fields": {"name": "Can change category", "content_type": 21, "codename": "change_category"}}, {"model": "auth.permission", "pk": 95, "fields": {"name": "Can delete category", "content_type": 21, "codename": "delete_category"}}, {"model": "auth.permission", "pk": 96, "fields": {"name": "Can view category", "content_type": 21, "codename": "view_category"}}, {"model": "auth.permission", "pk": 97, "fields": {"name": "Can add dropdown option", "content_type": 22, "codename": "add_dropdownoption"}}, {"model": "auth.permission", "pk": 98, "fields": {"name": "Can change dropdown option", "content_type": 22, "codename": "change_dropdownoption"}}, {"model": "auth.permission", "pk": 99, "fields": {"name": "Can delete dropdown option", "content_type": 22, "codename": "delete_dropdownoption"}}, {"model": "auth.permission", "pk": 100, "fields": {"name": "Can view dropdown option", "content_type": 22, "codename": "view_dropdownoption"}}, {"model": "auth.permission", "pk": 101, "fields": {"name": "Can add footer", "content_type": 23, "codename": "add_footer"}}, {"model": "auth.permission", "pk": 102, "fields": {"name": "Can change footer", "content_type": 23, "codename": "change_footer"}}, {"model": "auth.permission", "pk": 103, "fields": {"name": "Can delete footer", "content_type": 23, "codename": "delete_footer"}}, {"model": "auth.permission", "pk": 104, "fields": {"name": "Can view footer", "content_type": 23, "codename": "view_footer"}}, {"model": "auth.permission", "pk": 105, "fields": {"name": "Can add system master category", "content_type": 24, "codename": "add_systemmastercategory"}}, {"model": "auth.permission", "pk": 106, "fields": {"name": "Can change system master category", "content_type": 24, "codename": "change_systemmastercategory"}}, {"model": "auth.permission", "pk": 107, "fields": {"name": "Can delete system master category", "content_type": 24, "codename": "delete_systemmastercategory"}}, {"model": "auth.permission", "pk": 108, "fields": {"name": "Can view system master category", "content_type": 24, "codename": "view_systemmastercategory"}}, {"model": "auth.permission", "pk": 109, "fields": {"name": "Can add kct enquire master", "content_type": 25, "codename": "add_kctenquiremaster"}}, {"model": "auth.permission", "pk": 110, "fields": {"name": "Can change kct enquire master", "content_type": 25, "codename": "change_kctenquiremaster"}}, {"model": "auth.permission", "pk": 111, "fields": {"name": "Can delete kct enquire master", "content_type": 25, "codename": "delete_kctenquiremaster"}}, {"model": "auth.permission", "pk": 112, "fields": {"name": "Can view kct enquire master", "content_type": 25, "codename": "view_kctenquiremaster"}}, {"model": "auth.permission", "pk": 113, "fields": {"name": "Can add event master", "content_type": 26, "codename": "add_eventmaster"}}, {"model": "auth.permission", "pk": 114, "fields": {"name": "Can change event master", "content_type": 26, "codename": "change_eventmaster"}}, {"model": "auth.permission", "pk": 115, "fields": {"name": "Can delete event master", "content_type": 26, "codename": "delete_eventmaster"}}, {"model": "auth.permission", "pk": 116, "fields": {"name": "Can view event master", "content_type": 26, "codename": "view_eventmaster"}}, {"model": "auth.permission", "pk": 117, "fields": {"name": "Can add event feature master", "content_type": 27, "codename": "add_eventfeaturemaster"}}, {"model": "auth.permission", "pk": 118, "fields": {"name": "Can change event feature master", "content_type": 27, "codename": "change_eventfeaturemaster"}}, {"model": "auth.permission", "pk": 119, "fields": {"name": "Can delete event feature master", "content_type": 27, "codename": "delete_eventfeaturemaster"}}, {"model": "auth.permission", "pk": 120, "fields": {"name": "Can view event feature master", "content_type": 27, "codename": "view_eventfeaturemaster"}}, {"model": "auth.permission", "pk": 121, "fields": {"name": "Can add donation", "content_type": 28, "codename": "add_donation"}}, {"model": "auth.permission", "pk": 122, "fields": {"name": "Can change donation", "content_type": 28, "codename": "change_donation"}}, {"model": "auth.permission", "pk": 123, "fields": {"name": "Can delete donation", "content_type": 28, "codename": "delete_donation"}}, {"model": "auth.permission", "pk": 124, "fields": {"name": "Can view donation", "content_type": 28, "codename": "view_donation"}}, {"model": "auth.user", "pk": 1, "fields": {"password": "pbkdf2_sha256$870000$2XkRINnjIQhgBA9I4F99Bk$4NZChtAJvKyrANhFFWNf6NTIS9lvf2P6L4gZEvkMGnQ=", "last_login": "2025-03-01T05:05:23.921Z", "is_superuser": true, "username": "shaziya01", "first_name": "", "last_name": "", "email": "sk.shaziya9082@gmail.com", "is_staff": true, "is_active": true, "date_joined": "2025-01-29T04:52:53Z", "groups": [], "user_permissions": []}}, {"model": "contenttypes.contenttype", "pk": 1, "fields": {"app_label": "admin", "model": "logentry"}}, {"model": "contenttypes.contenttype", "pk": 2, "fields": {"app_label": "auth", "model": "permission"}}, {"model": "contenttypes.contenttype", "pk": 3, "fields": {"app_label": "auth", "model": "group"}}, {"model": "contenttypes.contenttype", "pk": 4, "fields": {"app_label": "auth", "model": "user"}}, {"model": "contenttypes.contenttype", "pk": 5, "fields": {"app_label": "contenttypes", "model": "contenttype"}}, {"model": "contenttypes.contenttype", "pk": 6, "fields": {"app_label": "sessions", "model": "session"}}, {"model": "contenttypes.contenttype", "pk": 7, "fields": {"app_label": "kct", "model": "beneficiarymaster"}}, {"model": "contenttypes.contenttype", "pk": 8, "fields": {"app_label": "kct", "model": "beneficiarycategory"}}, {"model": "contenttypes.contenttype", "pk": 9, "fields": {"app_label": "kct", "model": "keyprogrammaster"}}, {"model": "contenttypes.contenttype", "pk": 10, "fields": {"app_label": "kct", "model": "beneficiaryaid"}}, {"model": "contenttypes.contenttype", "pk": 11, "fields": {"app_label": "kct", "model": "casestudiesmaster"}}, {"model": "contenttypes.contenttype", "pk": 12, "fields": {"app_label": "kct", "model": "latesteventmaster"}}, {"model": "contenttypes.contenttype", "pk": 13, "fields": {"app_label": "kct", "model": "galleryactivitymaster"}}, {"model": "contenttypes.contenttype", "pk": 14, "fields": {"app_label": "kct", "model": "managingtrustee"}}, {"model": "contenttypes.contenttype", "pk": 15, "fields": {"app_label": "kct", "model": "managinglistcategorymaster"}}, {"model": "contenttypes.contenttype", "pk": 16, "fields": {"app_label": "kct", "model": "listitemcategory"}}, {"model": "contenttypes.contenttype", "pk": 17, "fields": {"app_label": "kct", "model": "categorymodel"}}, {"model": "contenttypes.contenttype", "pk": 18, "fields": {"app_label": "kct", "model": "mastermodel"}}, {"model": "contenttypes.contenttype", "pk": 19, "fields": {"app_label": "kct", "model": "systemmaster"}}, {"model": "contenttypes.contenttype", "pk": 20, "fields": {"app_label": "kct", "model": "beneficiary"}}, {"model": "contenttypes.contenttype", "pk": 21, "fields": {"app_label": "kct", "model": "category"}}, {"model": "contenttypes.contenttype", "pk": 22, "fields": {"app_label": "kct", "model": "dropdownoption"}}, {"model": "contenttypes.contenttype", "pk": 23, "fields": {"app_label": "kct", "model": "footer"}}, {"model": "contenttypes.contenttype", "pk": 24, "fields": {"app_label": "kct", "model": "systemmastercategory"}}, {"model": "contenttypes.contenttype", "pk": 25, "fields": {"app_label": "kct", "model": "kctenquiremaster"}}, {"model": "contenttypes.contenttype", "pk": 26, "fields": {"app_label": "kct", "model": "eventmaster"}}, {"model": "contenttypes.contenttype", "pk": 27, "fields": {"app_label": "kct", "model": "eventfeaturemaster"}}, {"model": "contenttypes.contenttype", "pk": 28, "fields": {"app_label": "kct", "model": "donation"}}, {"model": "sessions.session", "pk": "17y2p64tjx8p0qqi5713ltufsyrp79ln", "fields": {"session_data": ".eJxVjMsOwiAQAP-FsyHyalmP3v0GssuCVA0kpT0Z_92Q9KDXmcm8RcB9K2HvaQ0Li4tQ4vTLCOMz1SH4gfXeZGx1WxeSI5GH7fLWOL2uR_s3KNjL2GIkMiZFrzw45-2kc2aijMazjjMb5sxnr0AzTsBIFpJTRHp2YK0Sny8JzziW:1tmp6U:7ZUxq2WeGen9Cq7nUohJ3CA3NPhXL3hSj6LdHJt7n0o", "expire_date": "2025-03-11T07:11:42.135Z"}}, {"model": "sessions.session", "pk": "88k64wk6n9az2iupvs5h10brzsh9nbop", "fields": {"session_data": ".eJxVjMsOwiAQAP-FsyHyalmP3v0GssuCVA0kpT0Z_92Q9KDXmcm8RcB9K2HvaQ0Li4tQ4vTLCOMz1SH4gfXeZGx1WxeSI5GH7fLWOL2uR_s3KNjL2GIkMiZFrzw45-2kc2aijMazjjMb5sxnr0AzTsBIFpJTRHp2YK0Sny8JzziW:1tfBAx:fqpYSPs8_wdSuOrSWlgtdpOrmy5DrCYKZEq8vORs8Wg", "expire_date": "2025-02-18T05:08:43.609Z"}}, {"model": "sessions.session", "pk": "8uhm34hq98v3ndia234kb3cvedsksxx5", "fields": {"session_data": ".eJxVjMsOwiAQAP-FsyHyalmP3v0GssuCVA0kpT0Z_92Q9KDXmcm8RcB9K2HvaQ0Li4tQ4vTLCOMz1SH4gfXeZGx1WxeSI5GH7fLWOL2uR_s3KNjL2GIkMiZFrzw45-2kc2aijMazjjMb5sxnr0AzTsBIFpJTRHp2YK0Sny8JzziW:1tjBml:UB77JmLHBxnPM5Xcfv-vCygj6vV07SLfvR66PbsvN74", "expire_date": "2025-03-01T06:36:19.966Z"}}, {"model": "sessions.session", "pk": "chk24b2d8zioi00wvmcet19j9c70jndf", "fields": {"session_data": ".eJxVjMsOwiAQAP-FsyHyalmP3v0GssuCVA0kpT0Z_92Q9KDXmcm8RcB9K2HvaQ0Li4tQ4vTLCOMz1SH4gfXeZGx1WxeSI5GH7fLWOL2uR_s3KNjL2GIkMiZFrzw45-2kc2aijMazjjMb5sxnr0AzTsBIFpJTRHp2YK0Sny8JzziW:1toF2R:P1F8tqE4KhQrkrERNv-cy2kQbPx1VKDZGZPsWEqIM84", "expire_date": "2025-03-15T05:05:23.927Z"}}, {"model": "sessions.session", "pk": "fyae8nkxlocofh6210dp7abpl55kfqau", "fields": {"session_data": ".eJxVjMsOwiAQAP-FsyHyalmP3v0GssuCVA0kpT0Z_92Q9KDXmcm8RcB9K2HvaQ0Li4tQ4vTLCOMz1SH4gfXeZGx1WxeSI5GH7fLWOL2uR_s3KNjL2GIkMiZFrzw45-2kc2aijMazjjMb5sxnr0AzTsBIFpJTRHp2YK0Sny8JzziW:1td0O8:TxHTEUOVW3ybMJzRnprs7Hz3SJ4F2PO_dAJjj4GclQU", "expire_date": "2025-02-12T05:13:20.895Z"}}, {"model": "kct.systemmaster", "pk": 1, "fields": {"category": null, "system_name": "Key Programs", "system_title": "Medical^ Dialysis^ Education^ Food", "system_value": "Monetary help with the purchase of life saving medicines for patients caught in an Emergency Health Crises, Diagnostics & complete funding for hospital.\r\nFree dialysis and essential medicines for immediate requirements. Free light breakfast for patients.\r\nPartially or fully bearing the educational cost (tuition and coaching fee) of meritorious students, whose parents cannot support them financially, through scholarships and other financial assistance programmes.\r\nProvide ration for unprivileged families, who are struggling to make ends meet. Also, the monthly ration and Ramzan aid benefit not only the Muslims but all people.", "system_img": "", "is_active": true, "created_at": "2025-01-30T10:44:09.452Z", "updated_at": "2025-01-30T12:17:30.335Z"}}, {"model": "kct.systemmaster", "pk": 2, "fields": {"category": null, "system_name": "BENEFICIARIES AID", "system_title": "STEP - 1 ^ STEP - 2 ^ STEP - 3^ STEP - 4", "system_value": "Applicants seeking medical aid must submit a written request, after which Khidmat Charitable Trust reviews it and conducts a meeting to assess their needs.\r\nAfter verifying the case, applicants must complete a 'Khidmat Enrollment' form with a photo, ID proof (PAN/Aadhaar), and a doctor's prescription for medical aid.\r\nKCT's Medical Officer reviews the procedure, and a pharmacist screens the prescription while estimating the costs for medicines and procedures.\r\nThe Trustees review all forms and give final approval for prompt action. Medicines are delivered with open seals to prevent reselling, and payments are made via cheque, not cash.", "system_img": "", "is_active": true, "created_at": "2025-01-30T12:24:25.410Z", "updated_at": "2025-02-19T06:37:04.707Z"}}, {"model": "kct.systemmaster", "pk": 3, "fields": {"category": null, "system_name": "Case Studies", "system_title": "Patel Mohsin^Iftekhar Ahmed Shaikh^Nanda Shridhar Dange^Shabina Bano Mohammed Zubair Shaikh^Shaikh Mohammed Aleem^Shaikh Mohammed Aleem^ Faizan Galib Dhanse^Irshad Khan^Sajida Nasir Khan^Mohammed Ayaan Ashfak Shaikh^Mohammed Ayaan Ashfak Shaikh^Ayaan Shaikh^Md. Umar^Muskan^Zafar Hussain Ansari", "system_value": "Patel Mohsin, a diligent MBBS student at GMC Chandrapur, has overcome financial challenges with the assistance of Khidmat Charitable Trust (KCT). Despite an elder brother who doesn't contribute to the household, Mohsin's father, a retired Clerk with a pension of Rs. 15,000, supports the family. Mohsin achieved 82% in SSC, 77% in HSC, and scored 570 in NEET. KCT stepped in, providing Rs. 36,000 for mess expenses, a Rs. 63,000 Demand Draft for his first- year academic costs, and a laptop for studies. Beyond financial aid, KCT offers mentorship, emphasizing the holistic support needed for Mohsin's medical education journey. This case exemplifies the transformative impact of community support on educational aspirations in the face of financial constraints.\r\n\r\nIftekhar Ahmed Shaikh is 48-years-old. A resident of Sankli Street, Madanpura, Mumbai, his family comprises of his wife, two daughters and a son. As a sole bread-earner of the family, he previously worked as a bag manufacture and supplier, wherein he used to earn Rs. 20,000/- per month. On 12th May,2018 he met with an accident. He fell down to the basement of an under-construction building from a height of 18-19 feet and got paralysed. All his medical expenses are being borne by Khidmat Charitable Trust. Without this support, it would have been very difficult for him to manage his personal, household and medical expenses.\r\n\r\nAged 55 years, she got divorced 25 years ago and works as a sweeper at Nair Hospital. She lives alone in a quarter provided by the hospital and draws a monthly salary of Rs.10,000/- Six months ago, during a routine check-up by Dr Salman of Nair Hospital, it was discovered that both her kidneys are non-functional. Dr. Salman referred her to KCT for dialysis. For the past six months, she has been receiving regular Dialysis at the KCT Dialysis Centre that she could not afford at a regular hospital.\r\n\r\nShabina Bano Mohammed Zubair Shaikh is a 31 years old women living alone with his three children Junaid, Ubaid, Naved in shastri nagar govandi. Since last 13 years of marriage, she was been torture and violated by her husband. Once her husband slapped her on her face which causes to Eardrum Rupture. From last three and a half year she left her husband and started working as a house keeping. From last three years all her medical and financial expenses are managed by Khidmat Charitable Trust. Monthly ration provision, medical help and financial expenses are met by KCT.\r\n\r\nAleem is a 66 years old man residence of jogeshwari. His family comprises with his wife and 5 children. He is a solo bread earner of his family with a monthly income of Rs 6000/-. One year before he diagnosed with neck thyroid. After suffering entire year Aleem came to KCT for help. One Month before with all the medical and operation expenses KCT organized his operation at Millat Hospital. Two of his children are mentally handicap since childhood and one of his daughter is suffering from lifetime Epilepsy and Tuberculosis even their medical expenses are managed by KCT. Aleem is very happy and thankful to KCT for help.\r\n\r\nAmirunnisa is a 29 years old lady residence of Govandi Shivaji nagar. Her family comprises With Four members including his parents and brother. His brother is a solo bread earner of his family with a daily wage of 400/- Rs. He works at a construction site. From last 16 years Amirunnisa is suffering from a severe Neurological disorder name Parkinson's Disease. In this Disorder the patient central nervous system affects movement, often including tremors in the entire body. After suffering from last many years, she finally came to KCT for help and from last 3 years all her medical and treatment expenses are met by KCT. She is monitored under Dr.Pawan Ojha at JJ Hospital.\r\n\r\n A 24 years old man residence of Mumbai Central. His family comprises with 6 members, he is the elder one in his family. After the death of his father all the responsibilities of his family has come on the shoulder of faizan. His father's entire business dissolved due to pandemic. Faizan is a brilliant student who scored 85% is HSC exam and further decided to become a MBBS doctor. His score in NEET was 477/720. He got admission in Terna Medical College at Nerul. The entire remaining due amount of his fees was 5,80,000/- which was paid by Khidmat Trust. KCT helped faizan not to quit his studies in between and carry forward the dream of his father for him becoming a doctor.\r\n\r\nIrshad khan is a 36 years old man residence of Mumbai his family comprises with a wife and his 5 children. 7 years before he was a Chef in a local Chinese restaurant with a daily wage of Rs 700/-. Six years before he diagnosed with Kidney failure and Doctors recommended him For Dialysis Every alternate days. His financial condition was not as good as to afford the cost of dialysis for the rest of his- life. With the grace of God he got to know about the Khidmat Charitable Trust Free Dialysis center At nagpada. From last 6 years all his dialysis, Medicines Expenses are met by KCT. Due to his disease he is know enable to work and earn so KCT is providing him monthly ration and also helping him financially.\r\n\r\nSajida is a 42 years old lady residence of sundar nagar colaba. Her family comprises with her husband, mother in law and her 2 son's. Four years before she got a paralyses and epilepsy attack and since then she was unable to do anything by her own. Her husband Nasir khan was a taxi driver 3 years ago he left his job to take care of his wife. Her treatment is going on at JJ Hospital. All her medical expenses including medicines, MRI and timely injections are met by Khidmat Charitable Trust.\r\n\r\nMohammed Ayaan Ashfak Shaikh, an 18-year-old resident of Latur, was leading a normal life after completing his HSC until a fateful car accident changed everything.Ayaan suffered severe injuries, including a coma that lasted for 25 days at Sahyadri Hospital in Latur. Tragically, he lost one of his hands and required surgeries on both of his legs, which led to a six- month period of wearing plaster casts. Later he faced severe infections in his legs for which he took a transfer to mumbai for further treatment. In Mumbai, Ayaan sought medical assistance at Prince Aly Khan Hospital, where the estimated cost for his leg operations totaled six lakhs. Additionally, he required a neck operation, which was estimated at 3.5 lakhs.\r\n\r\nMohammed Ayaan Ashfak Shaikh, an 18-year-old resident of Latur, was leading a normal life after completing his HSC until a fateful car accident changed everything.Ayaan suffered severe injuries, including a coma that lasted for 25 days at Sahyadri Hospital in Latur. Tragically, he lost one of his hands and required surgeries on both of his legs, which led to a six- month period of wearing plaster casts. Later he faced severe infections in his legs for which he took a transfer to mumbai for further treatment. In Mumbai, Ayaan sought medical assistance at Prince Aly Khan Hospital, where the estimated cost for his leg operations totaled six lakhs. Additionally, he required a neck operation, which was estimated at 3.5 lakhs.\r\n\r\nRealizing the financial challenges ahead, Ayaan's situation took a positive turn when he received invaluable support from the Khidmat Charitable Trust (KCT) through their dedicated manpower and connections. With the proactive assistance of KCT, Ayaan's leg operations were successfully conducted at JJ Hospital and Bombay hospital, known for its expertise in such cases. Throughout his arduous journey, Ayaan underwent a total of four surgeries, enduring both physical and emotional challenges. Today, Ayaan expresses profound gratitude to KCT, Dr. Rajiv Nirodkar of Bombay hospital and Dr. Bhandari bone specialist for their active involvement, expertise, and compassionate care.\r\n\r\nMd. Umar, a 12-year-old boy from Malegaon his family comprises with his mother and a younger sister. He faced adversity after losing his alcoholic father. An accident involving an electric current from a water pump left him unconscious and resulted in behavioral issues such as self-hitting and poor comprehension. After being treated in the ICU for 10 days and not getting proper treatment his mother  shifted to mumbai for his treatment after receiving assistance from the Khidmat Charitable Trust, Umar underwent further treatment at J Hospital in Mumbai to address his behavioral challenges and improve his overall well-being.\r\n\r\nMuskan, a 24-year-old woman, resides with her family, which includes her mother, father, and two sisters. Unfortunately, her 56-year- old father is facing mobility challenges and experiencing mental instability. Both of Muskan's sisters are employed as waitresses to meet their daily living expenses. Muskan herself is grappling with health issues, namely hernia, thyroid complications, and a stomach infection. Despite undergoing five surgeries in her hometown, her condition did not improve and even deteriorated further. Thankfully, Muskan and her family are receiving assistance from the Khidmat Charitable Trust (KCT). The  KCT has stepped in to facilitate Muskan's treatment at JJ Hospital and generously cover all associated medical expenses.\r\n\r\n\r\nZafar Hussain Ansari, a 50-year-old resident of Ghatkopar, has faced significant challenges, including paralysis and brain damage, as well as the loss of his mentally challenged daughter. Previously employed at a garment factory for 14 years until his health deteriorated, he now relies on his brothers for financial support as he cannot work. KCT has been instrumental in covering his medical expenses for the past six months, thanks to donations received. This support highlights the crucial role that charitable contributions play in assisting individuals like Zafar and underscores the ongoing need for donations to continue helping those in similar situations.", "system_img": "", "is_active": true, "created_at": "2025-01-31T04:03:04.314Z", "updated_at": "2025-01-31T09:02:37.908Z"}}, {"model": "kct.systemmaster", "pk": 4, "fields": {"category": null, "system_name": "Our Latest Event", "system_title": "DIALYSIS CENTRE^RAMZAN AND MONTHLY RATION AID^WHY SHOULD ANYONE APPROACH KCT FOR HELP AND ASSISTANCE?", "system_value": "During the course of running our Medical Aid program, KCT Trust members would come across numerous cases in need of urgent dialysis treatment. Since dialysis treatment is an on-going cost, for the underprivileged,…\r\nAmong the best of deeds is to feed the poor and the deserving” – Bukhari Sharif” Several families living on the edge of starvation are also supplied with monthly ration and relief in…\r\nMedicines from the KCT are delivered to the patient’s doorstep the very same day. It is ensured that the medicines strips are cut and the bottles are unsealed to avoid resale/misuse of medicines.…", "system_img": "", "is_active": true, "created_at": "2025-01-31T10:10:44.513Z", "updated_at": "2025-02-19T06:36:34.623Z"}}, {"model": "kct.systemmaster", "pk": 5, "fields": {"category": null, "system_name": "Donate Section", "system_title": "\"Giving is not just about making a Donation\r\nIt is about making a difference.\"", "system_value": "upi1281220331", "system_img": "banner/donate-pay.png", "is_active": true, "created_at": "2025-02-01T12:20:06.696Z", "updated_at": "2025-02-03T04:23:53.807Z"}}, {"model": "kct.systemmaster", "pk": 6, "fields": {"category": null, "system_name": "Gallery", "system_title": "", "system_value": "", "system_img": "banner/gallery-slide-1_NSuihMZ.jpg", "is_active": true, "created_at": "2025-02-03T05:10:23.780Z", "updated_at": "2025-02-04T05:14:23.423Z"}}, {"model": "kct.systemmaster", "pk": 7, "fields": {"category": null, "system_name": "Gallery", "system_title": "", "system_value": "", "system_img": "banner/gallery-slide-2_2WnfVKc.jpg", "is_active": true, "created_at": "2025-02-04T05:14:48.607Z", "updated_at": "2025-02-04T05:14:48.607Z"}}, {"model": "kct.systemmaster", "pk": 8, "fields": {"category": null, "system_name": "Gallery", "system_title": "", "system_value": "", "system_img": "banner/gallery-slide-3.jpg", "is_active": true, "created_at": "2025-02-04T05:14:59.758Z", "updated_at": "2025-02-04T05:14:59.758Z"}}, {"model": "kct.systemmaster", "pk": 9, "fields": {"category": null, "system_name": "Our Aim", "system_title": "", "system_value": "To help underprivileged, deserving & needy people with their medical needs.", "system_img": "", "is_active": true, "created_at": "2025-02-04T07:39:22.166Z", "updated_at": "2025-02-04T07:39:22.166Z"}}, {"model": "kct.systemmaster", "pk": 10, "fields": {"category": null, "system_name": "Our Vision", "system_title": "", "system_value": "Providing compassionate, dignified, and prompt care for all patient needs", "system_img": "", "is_active": true, "created_at": "2025-02-04T07:39:55.487Z", "updated_at": "2025-02-04T07:39:55.487Z"}}, {"model": "kct.systemmaster", "pk": 11, "fields": {"category": null, "system_name": "Our Mission", "system_title": "", "system_value": "To promote, restore, and maintain the health of all people.", "system_img": "", "is_active": true, "created_at": "2025-02-04T07:40:17.156Z", "updated_at": "2025-02-04T07:40:17.156Z"}}, {"model": "kct.systemmaster", "pk": 12, "fields": {"category": null, "system_name": "KCT", "system_title": "Khidmat Charitable Trust", "system_value": "Khidmat Charitable Trust (KCT) is a Non-Government Organization (NGO) registered under the Government of India’s Public Trust Registration Act of 1950 on 12 December 2001. Based in Mumbai, KCT’s registration no is E19852.\r\n\r\nIn 2001, by the grace of Almighty Allah, we established our start-up with the key objective of providing every possible medical aid to the underprivileged and deserving section of our society. Our aim is to provide them moral and economical support during the treatment of a critical illness.", "system_img": "", "is_active": true, "created_at": "2025-02-04T07:42:08.042Z", "updated_at": "2025-02-04T07:44:32.544Z"}}, {"model": "kct.systemmaster", "pk": 13, "fields": {"category": null, "system_name": "Gallery", "system_title": "", "system_value": "", "system_img": "banner/gallery-slide-4.jpg", "is_active": true, "created_at": "2025-02-04T09:51:25.768Z", "updated_at": "2025-02-04T09:51:25.768Z"}}, {"model": "kct.systemmaster", "pk": 14, "fields": {"category": null, "system_name": "Gallery", "system_title": "", "system_value": "", "system_img": "banner/gallery-slide-5.jpg", "is_active": true, "created_at": "2025-02-04T09:51:40.442Z", "updated_at": "2025-02-04T09:51:40.443Z"}}, {"model": "kct.systemmaster", "pk": 15, "fields": {"category": null, "system_name": "Gallery", "system_title": "", "system_value": "", "system_img": "banner/gallery-slide-6.jpg", "is_active": true, "created_at": "2025-02-04T09:51:54.602Z", "updated_at": "2025-02-04T09:51:54.602Z"}}, {"model": "kct.systemmaster", "pk": 16, "fields": {"category": null, "system_name": "Gallery", "system_title": "", "system_value": "", "system_img": "banner/gallery-slide-7.jpg", "is_active": true, "created_at": "2025-02-04T09:52:00.939Z", "updated_at": "2025-02-04T09:52:10.835Z"}}, {"model": "kct.systemmaster", "pk": 17, "fields": {"category": null, "system_name": "Gallery", "system_title": "", "system_value": "", "system_img": "banner/gallery-slide-8.jpg", "is_active": true, "created_at": "2025-02-04T09:52:59.676Z", "updated_at": "2025-02-04T09:53:10.252Z"}}, {"model": "kct.systemmaster", "pk": 18, "fields": {"category": null, "system_name": "Gallery", "system_title": "", "system_value": "", "system_img": "banner/gallery-slide-9.jpg", "is_active": true, "created_at": "2025-02-04T09:53:22.657Z", "updated_at": "2025-02-04T09:53:22.657Z"}}, {"model": "kct.systemmaster", "pk": 19, "fields": {"category": null, "system_name": "Gallery", "system_title": "", "system_value": "", "system_img": "banner/gallery-slide-10.jpg", "is_active": true, "created_at": "2025-02-04T09:53:36.066Z", "updated_at": "2025-02-04T09:53:36.066Z"}}, {"model": "kct.systemmaster", "pk": 20, "fields": {"category": null, "system_name": "Gallery", "system_title": "", "system_value": "", "system_img": "banner/gallery-slide-11.jpg", "is_active": true, "created_at": "2025-02-04T09:53:51.935Z", "updated_at": "2025-02-04T09:53:51.935Z"}}, {"model": "kct.systemmaster", "pk": 21, "fields": {"category": null, "system_name": "Gallery", "system_title": "", "system_value": "", "system_img": "banner/gallery-slide-12.jpg", "is_active": true, "created_at": "2025-02-04T09:54:02.836Z", "updated_at": "2025-02-04T09:54:02.836Z"}}, {"model": "kct.systemmaster", "pk": 22, "fields": {"category": null, "system_name": "Gallery", "system_title": "", "system_value": "", "system_img": "banner/gallery-slide-13.jpg", "is_active": true, "created_at": "2025-02-04T09:54:16.141Z", "updated_at": "2025-02-04T09:54:16.141Z"}}, {"model": "kct.systemmaster", "pk": 23, "fields": {"category": null, "system_name": "Gallery", "system_title": "", "system_value": "", "system_img": "banner/gallery-slide-14.jpg", "is_active": true, "created_at": "2025-02-04T09:54:30.676Z", "updated_at": "2025-02-04T09:54:30.676Z"}}, {"model": "kct.systemmaster", "pk": 24, "fields": {"category": null, "system_name": "Gallery", "system_title": "", "system_value": "", "system_img": "banner/gallery-slide-15.jpg", "is_active": true, "created_at": "2025-02-04T09:54:41.858Z", "updated_at": "2025-02-04T09:54:41.858Z"}}, {"model": "kct.systemmaster", "pk": 25, "fields": {"category": null, "system_name": "Gallery", "system_title": "", "system_value": "", "system_img": "banner/gallery-slide-16.jpg", "is_active": true, "created_at": "2025-02-04T09:54:52.866Z", "updated_at": "2025-02-04T09:54:52.867Z"}}, {"model": "kct.systemmaster", "pk": 26, "fields": {"category": null, "system_name": "Gallery", "system_title": "", "system_value": "", "system_img": "banner/gallery-slide-17.jpg", "is_active": true, "created_at": "2025-02-04T09:55:03.412Z", "updated_at": "2025-02-04T09:55:03.412Z"}}, {"model": "kct.systemmaster", "pk": 27, "fields": {"category": null, "system_name": "Gallery", "system_title": "", "system_value": "", "system_img": "banner/gallery-slide-18.jpg", "is_active": true, "created_at": "2025-02-04T09:55:13.290Z", "updated_at": "2025-02-04T09:55:13.290Z"}}, {"model": "kct.systemmaster", "pk": 28, "fields": {"category": null, "system_name": "Gallery", "system_title": "", "system_value": "", "system_img": "banner/gallery-slide-19.jpg", "is_active": true, "created_at": "2025-02-04T09:55:22.007Z", "updated_at": "2025-02-04T09:55:22.007Z"}}, {"model": "kct.systemmaster", "pk": 29, "fields": {"category": null, "system_name": "Gallery", "system_title": "", "system_value": "", "system_img": "banner/gallery-slide-20.jpg", "is_active": true, "created_at": "2025-02-04T09:55:30.920Z", "updated_at": "2025-02-04T09:55:30.920Z"}}, {"model": "kct.systemmaster", "pk": 30, "fields": {"category": null, "system_name": "about page Programs", "system_title": "Welcome to Khidmat charitable trust", "system_value": "Khidmat Charitable Trust (KCT) is a Non-Government Organization (NGO) registered under the Government of India’s Public Trust Registration Act of 1950 on 12 December 2001. Based in Mumbai, KCT’s registration no is E19852.’\r\nIn 2001, by the grace of Almighty Allah, we established our start-up with the key objective of providing every possible medical aid to the poorer section of our society. Our aim is to provide them moral and economical support during the treatment of a critical illness. We also aim to provide support in the clearance of steep hospitals and medicine bills.\r\nIn 2012 we came up with an education programme that provides education help to the underprivileged students, who mare in need of such support to complete their education.", "system_img": "", "is_active": true, "created_at": "2025-02-04T10:54:49.993Z", "updated_at": "2025-02-04T11:12:56.150Z"}}, {"model": "kct.systemmaster", "pk": 31, "fields": {"category": null, "system_name": "activities page", "system_title": "WHO BENEFITS FROM KCT", "system_value": "Since our inception, Khidmat Charitable Trust is committed to playing the role of a catalyst in the provision, care and uplift of people living below the poverty line. This includes, not just those in need of critical disease management but also migrant, daily wagers, widows, orphans and other vulnerable sections of our society, dealing with challenging life situations. Religion is not a barrier. KCT stands committed to bring respect and self-sufficiency to every deserving human being, who needs our support.", "system_img": "", "is_active": true, "created_at": "2025-02-04T11:46:36.563Z", "updated_at": "2025-02-18T11:25:46.784Z"}}, {"model": "kct.systemmaster", "pk": 32, "fields": {"category": null, "system_name": "benefits page", "system_title": "A Helping Hand in Times of True", "system_value": "Khidmat Charitable Trust (KCT) offers life-saving medical aid for critical illnesses like cancer and dialysis, along with emergency healthcare support. We provide educational scholarships to deserving students and food assistance to families in need. Our programs are designed to uplift the underprivileged with dignity, compassion, and inclusivity. By addressing immediate needs, we empower individuals to build a better future.", "system_img": "", "is_active": true, "created_at": "2025-02-04T11:55:09.630Z", "updated_at": "2025-02-18T11:26:58.210Z"}}, {"model": "kct.systemmaster", "pk": 33, "fields": {"category": null, "system_name": "career page", "system_title": "Hiring Updates Coming Soon!", "system_value": "Thank you for your interest in joining us! We’ll share updates about open positions shortly. Stay tuned!", "system_img": "", "is_active": true, "created_at": "2025-02-04T11:58:53.090Z", "updated_at": "2025-02-04T11:58:53.090Z"}}, {"model": "kct.systemmaster", "pk": 34, "fields": {"category": null, "system_name": "Afillated", "system_title": "Afillated", "system_value": "Suraiya Merchant Charitable Trust, The Memon Educational & Welfare Society, Mehta Family Charitable Trust, Fazlani Aisha Bai And Haji Abdul Latif Charitable Trust", "system_img": "", "is_active": true, "created_at": "2025-02-04T12:35:00.723Z", "updated_at": "2025-02-18T05:36:18.499Z"}}, {"model": "kct.systemmaster", "pk": 35, "fields": {"category": null, "system_name": "footer", "system_title": "about_text^address^phone^email^facebook_url^instagram_url^twitter_url^youtube_url^office_timings^patients_schedule", "system_value": "We are Khidmat Charitable Trust (KCT), a Non-Government Organization registered under the Public Trust Registration Act of 1950, Government of India, on 12 December 2001, having registration number E19852, based in Mumbai.\r\n\r\nC/O Educational & Welfare Foundation, P.T Mane Udyan, Mirza Galib Marg, Opp. Rolex Restaurant, Clare Road, Nagpada Junction, Mumbai: 400 008\r\n\r\n+91 86579 70797\r\n\r\ninfo@khidmattrust.org\r\n\r\nhttps://www.facebook.com/share/1Ui9svyXQ9/\r\n\r\nhttps://www.instagram.com/khidmat_trust?igsh=MXU0eHg3NXNva245cw==\r\n\r\nhttps://x.com/trust_khidmat?s=09\r\n\r\nhttps://youtube.com/@khidmattrust?si=CQkQ9vSkc3UAO2Zp\r\n\r\nMonday to Saturday  \r\n11:00 am to 5:00 pm  \r\nSunday: Only for Cancer  \r\n\r\nTuesday/ Wednesday/ Saturday  \r\n10:00 am to 10:30 pm", "system_img": "", "is_active": true, "created_at": "2025-02-15T07:11:00.531Z", "updated_at": "2025-02-18T07:22:26.555Z"}}, {"model": "kct.eventmaster", "pk": 1, "fields": {"event_title": "DIALYSIS CENTRE", "event_description": "During the course of running our Medical Aid program, KCT Trust members would come across numerous cases in need of urgent dialysis treatment. Sincedialysis treatment is an on going cost, for the underprivileged, it involved a formidable cost that they can ill afford. In 2016, with the guidance and expert advice of doctors, KCT trustees and mentors decided to set up a well-equipped dialysis centre. The centre at XXXXX, takes an all-inclusive approach in which the medicines are also allotted to the enrolled, critically ill patients.", "event_feature": "<p class=\"\">During the course of running our Medical Aid program, KCT Trust members\r\n                                    would come across numerous cases in need of urgent dialysis treatment. Since\r\n                                    dialysis treatment is an on going cost, for the underprivileged, it involved\r\n                                    a formidable cost that they can ill afford. In 2016, with the guidance and expert\r\n                                    advice of doctors, KCT trustees and mentors decided to set up a well-equipped\r\n                                    dialysis centre. The centre at XXXXX, takes an all-inclusive\r\n                                    approach in which the medicines are also allotted to the enrolled, critically ill\r\n                                    patients.</p>\r\n\r\n                                <p><b>Reality Check</b></p>\r\n\r\n                                <p>Yearly, around 220,000 patients in India are diagnosed with end-stage renal disease\r\n                                    (ESRD). Every year, there is an added chunk of 34 million dialysis sessions added to\r\n                                    the existing pool of patients. Nearly 70% of this\r\n                                    target population of patients are not able to afford or continue with the recurring\r\n                                    treatment due to fiscal limitations or untimely death. Only minuscule 10–20% of\r\n                                    patients in India receive dialysis on time and are able\r\n                                    to go on with the lengthy treatment.</p>\r\n\r\n                                <p><b>KCT Remedy</b></p>\r\n                                <p>The KCT Trust’s first measure was to spread more awareness in our society about the\r\n                                    urgent need to increase capacity for dialysis procedures. Since this was not\r\n                                    available with the government hospitals and private hospitals\r\n                                    were out of bounds for poor patients, KCT Trustees eventually decided to set-up\r\n                                    their own centre for the provision of regular dialysis sessions. This centre also\r\n                                    distributes medicines, gives injections, and provides for\r\n                                    the patients’ ration needs through our different programs. At the centre, we have a\r\n                                    team that helps them understand how they can avail which government schemes to\r\n                                    lessen their disease burden with financial aid.</p>\r\n\r\n                                <p><b>Tasks & Structure</b></p>\r\n\r\n                                <ul class=\"event-details__inner__list\">\r\n                                    <li>Dialysis centre is occupied with 16 beds with</li>\r\n                                    <li>Timing of dialysis- 7:00 am to 3:00 pm.</li>\r\n                                    <li>16 machines. Two shifts. 4:00 hours per dialysis. 32 patients per day capacity\r\n                                    </li>\r\n                                    <li>800 Dialysis cycles per month.</li>\r\n                                    <li>Per Dialysis cost 850</li>\r\n                                </ul>", "event_img": "event_images/event-1.jpg", "reactions": 2, "time": "10:00 AM - 2:00 PM", "created_at": "2025-02-19T07:21:09.597Z", "updated_at": "2025-02-19T13:03:46.864Z", "order": 1, "is_active": true}}, {"model": "kct.eventmaster", "pk": 2, "fields": {"event_title": "RAMZAN AND MONTHLY RATION AID", "event_description": "“Among the best of deeds is to feed the poor and the deserving” – Bukhari Sharif”\r\n\r\nSeveral families living on the edge of starvation are also supplied with monthly rations and relief in the form of annual Ramzan giving. Families that are battling for everyday survival are selected for this program. Backing the families of those patients who are on dialysis is also a part of this plan. The level of extreme poverty in India today is 50 million people, which may come down to 40 million, which means the poverty rate is getting declined by 3%, the Brookings report has said.", "event_feature": "<p class=\"\"><b>“Among the best of\r\n                                        deeds is to feed the poor\r\n                                        and the deserving”\r\n                                        – Bukhari Sharif”</b></p>\r\n\r\n                                <p>Several families living on the edge of starvation are also supplied with monthly\r\n                                    ration and relief in the form of annual Ramzan giving. Families that are battling\r\n                                    for everyday survival are selected for this program. Backing\r\n                                    the families of those patients who are on dialysis is also a part of this plan. The\r\n                                    level of extreme poverty in India today is of 50 million people, which may come down\r\n                                    to 40 million, which means the poverty rate getting\r\n                                    declined by 3%, the Brookings report has said.</p>\r\n\r\n                                <p><b>Reality Check</b></p>\r\n                                <p>Monthly ration provision for poor families to break the chain of malnutrition.</p>\r\n\r\n                                <p><b>Monthly Ritual</b></p>\r\n\r\n                                <ul class=\"event-details__inner__list\">\r\n                                    <li>Identifying deprived families</li>\r\n                                    <li>Area-wide selection of Fair Price Shops</li>\r\n                                    <li>Periodic quality check at distribution centres</li>\r\n                                    <li>Determining item-wise utilization eligibility criteria for families</li>\r\n                                    <li>Informing families of their entitlements</li>\r\n                                    <li>Arrive at the shops on the fixed date to oversee distribution</li>\r\n                                    <li>Distribution of essential items</li>\r\n                                    <li>KCT field officer makes the final payment</li>\r\n                                </ul>", "event_img": "event_images/event-2.jpg", "reactions": 2, "time": "10:00 AM - 2:00 PM", "created_at": "2025-02-19T07:23:53.539Z", "updated_at": "2025-02-19T12:18:03.501Z", "order": 2, "is_active": true}}, {"model": "kct.eventmaster", "pk": 3, "fields": {"event_title": "HELP AND ASSISTANCE", "event_description": "Medicines from the KCT are delivered to the patient’s doorstep the very same day.\r\nIt is ensured that the medicine strips are cut and the bottles are unsealed to avoid resale/misuse\r\nof medicines.\r\nKCT has ties up with various chemists who provide high discounts on these medicines.\r\nPatients’ applications are carefully and promptly scrutinized by the trustees before a cheque is\r\nissued, making sure that the treatment does not get unnecessarily delayed.\r\nAround 150 to 180 patients receive KCT’s assistance every day.\r\nKCT is associated with several other trusts to arrange major expenses, say for a bypass surgery etc.\r\nWhere needed, KCT also provides pre-surgery support as well as financial assistance to buy shoes,\r\nbelt and surgical sutures.\r\nAll trustees regularly visit KCT office.\r\nNo references are sought, and each patient is treated equally.\r\nRefreshments and proper seating arrangements are provided to the patient and their relatives.", "event_feature": "<ul class=\"event-details__inner__list\">\r\n\r\n                                    <li>Medicines from the KCT are delivered to the patient’s doorstep the very same\r\n                                        day.</li>\r\n                                    <li>It is ensured that the medicine strips are cut and the bottles are unsealed to\r\n                                        avoid resale/misuse<br> of medicines.</li>\r\n                                    <li>KCT has ties up with various chemists who provide high discounts on these\r\n                                        medicines.</li>\r\n                                    <li>Patients’ applications are carefully and promptly scrutinized by the trustees\r\n                                        before a cheque is<br> issued, making sure that the treatment does not get\r\n                                        unnecessarily delayed.</li>\r\n                                    <li>Around 150 to 180 patients receive KCT’s assistance every day.</li>\r\n                                    <li>KCT is associated with several other trusts to arrange major expenses, say for a\r\n                                        bypass surgery etc.</li>\r\n                                    <li>Where needed, KCT also provides pre-surgery support as well as financial\r\n                                        assistance to buy shoes,<br> belt and surgical sutures.</li>\r\n                                    <li>All trustees regularly visit KCT office.</li>\r\n                                    <li>No references are sought, and each patient is treated equally.</li>\r\n                                    <li>Refreshments and proper seating arrangements are provided to the patient and\r\n                                        their\r\n                                        relatives.</li>\r\n\r\n                                </ul>", "event_img": "event_images/event-3.jpg", "reactions": 2, "time": "10:00 AM - 2:00 PM", "created_at": "2025-02-19T07:25:29.351Z", "updated_at": "2025-02-19T13:01:36.698Z", "order": 3, "is_active": true}}, {"model": "kct.beneficiarycategory", "pk": 1, "fields": {"name": "Medical Aid", "icon": "icons/svg_1.svg", "number": 4000, "has_dropdown": true, "is_active": true}}, {"model": "kct.beneficiarycategory", "pk": 2, "fields": {"name": "Cancer", "icon": "icons/cancer.svg", "number": 8945, "has_dropdown": true, "is_active": true}}, {"model": "kct.beneficiarycategory", "pk": 3, "fields": {"name": "Dialysis", "icon": "icons/dialysis.svg", "number": 10, "has_dropdown": false, "is_active": true}}, {"model": "kct.beneficiarycategory", "pk": 4, "fields": {"name": "Education", "icon": "icons/education.svg", "number": 5, "has_dropdown": false, "is_active": true}}, {"model": "kct.dropdownoption", "pk": 1, "fields": {"category": 1, "name": "Medicine", "is_active": true}}, {"model": "kct.dropdownoption", "pk": 2, "fields": {"category": 1, "name": "Hospitalization", "is_active": true}}, {"model": "kct.dropdownoption", "pk": 3, "fields": {"category": 1, "name": "Diagnosis", "is_active": true}}, {"model": "kct.dropdownoption", "pk": 4, "fields": {"category": 2, "name": "Medicine", "is_active": true}}, {"model": "kct.dropdownoption", "pk": 5, "fields": {"category": 2, "name": "Hospitalization", "is_active": true}}, {"model": "kct.managinglistcategorymaster", "pk": 1, "fields": {"title": "Our Managing Trustee​", "is_active": true}}, {"model": "kct.managinglistcategorymaster", "pk": 2, "fields": {"title": "Hospital Covered", "is_active": true}}, {"model": "kct.managinglistcategorymaster", "pk": 3, "fields": {"title": "Pharmacy Store Association", "is_active": true}}, {"model": "kct.managinglistcategorymaster", "pk": 4, "fields": {"title": "Diagnostic Centre Association", "is_active": true}}, {"model": "kct.listitemcategory", "pk": 1, "fields": {"category": 1, "name": "Abdul Hamid Nathani", "is_active": true}}, {"model": "kct.listitemcategory", "pk": 2, "fields": {"category": 1, "name": "Abdul Rashid Nathani", "is_active": true}}, {"model": "kct.listitemcategory", "pk": 3, "fields": {"category": 1, "name": "Aftab Badshah", "is_active": true}}, {"model": "kct.listitemcategory", "pk": 4, "fields": {"category": 1, "name": "Afzal Kadar", "is_active": true}}, {"model": "kct.listitemcategory", "pk": 5, "fields": {"category": 1, "name": "Ashfak Vaid", "is_active": true}}, {"model": "kct.listitemcategory", "pk": 7, "fields": {"category": 1, "name": "Haji Usman Dalal", "is_active": true}}, {"model": "kct.listitemcategory", "pk": 8, "fields": {"category": 1, "name": "Imran Merchant", "is_active": true}}, {"model": "kct.listitemcategory", "pk": 9, "fields": {"category": 1, "name": "Imtiyaz Motorwala", "is_active": true}}, {"model": "kct.listitemcategory", "pk": 10, "fields": {"category": 1, "name": "Ifran Merchant", "is_active": true}}, {"model": "kct.listitemcategory", "pk": 11, "fields": {"category": 1, "name": "Junaid Motorwala", "is_active": true}}, {"model": "kct.listitemcategory", "pk": 12, "fields": {"category": 1, "name": "Mansur Mehta", "is_active": true}}, {"model": "kct.listitemcategory", "pk": 13, "fields": {"category": 1, "name": "Maqsood Nathani", "is_active": true}}, {"model": "kct.listitemcategory", "pk": 14, "fields": {"category": 1, "name": "Rizwan Patel", "is_active": true}}, {"model": "kct.listitemcategory", "pk": 15, "fields": {"category": 1, "name": "Safdar Merchant", "is_active": true}}, {"model": "kct.listitemcategory", "pk": 16, "fields": {"category": 1, "name": "Shabbir Patca", "is_active": true}}, {"model": "kct.listitemcategory", "pk": 17, "fields": {"category": 1, "name": "Shakil Kochra", "is_active": true}}, {"model": "kct.listitemcategory", "pk": 18, "fields": {"category": 1, "name": "Sikandar Gazyani", "is_active": true}}, {"model": "kct.listitemcategory", "pk": 19, "fields": {"category": 1, "name": "Zahid Zaveri", "is_active": true}}, {"model": "kct.listitemcategory", "pk": 20, "fields": {"category": 2, "name": "TATA Cancer Patients Hospital", "is_active": true}}, {"model": "kct.listitemcategory", "pk": 21, "fields": {"category": 2, "name": "Nair Hospital", "is_active": true}}, {"model": "kct.listitemcategory", "pk": 22, "fields": {"category": 2, "name": "SION Hospital", "is_active": true}}, {"model": "kct.listitemcategory", "pk": 23, "fields": {"category": 2, "name": "Rehmaniya Hospital", "is_active": true}}, {"model": "kct.listitemcategory", "pk": 24, "fields": {"category": 2, "name": "Millat Hospital", "is_active": true}}, {"model": "kct.listitemcategory", "pk": 25, "fields": {"category": 2, "name": "J.J. Hospital", "is_active": true}}, {"model": "kct.listitemcategory", "pk": 26, "fields": {"category": 2, "name": "Saboo Siddique Hospital", "is_active": true}}, {"model": "kct.listitemcategory", "pk": 27, "fields": {"category": 2, "name": "KEM Hospital", "is_active": true}}, {"model": "kct.listitemcategory", "pk": 28, "fields": {"category": 2, "name": "Habib Hospital", "is_active": true}}, {"model": "kct.listitemcategory", "pk": 29, "fields": {"category": 3, "name": "Anmol Chemist – General Medical", "is_active": true}}, {"model": "kct.listitemcategory", "pk": 30, "fields": {"category": 3, "name": "Orbit Pharma – Cancer Medicine", "is_active": true}}, {"model": "kct.listitemcategory", "pk": 31, "fields": {"category": 3, "name": "City Chemist", "is_active": true}}, {"model": "kct.listitemcategory", "pk": 32, "fields": {"category": 3, "name": "Baba Chemist", "is_active": true}}, {"model": "kct.listitemcategory", "pk": 33, "fields": {"category": 3, "name": "Jivan Jyot Drug Banks", "is_active": true}}, {"model": "kct.listitemcategory", "pk": 34, "fields": {"category": 4, "name": "Crystal Diagnostic", "is_active": true}}, {"model": "kct.listitemcategory", "pk": 35, "fields": {"category": 4, "name": "Sidra Diagnostic", "is_active": true}}, {"model": "kct.listitemcategory", "pk": 36, "fields": {"category": 4, "name": "SRL Diagnostic", "is_active": true}}, {"model": "kct.listitemcategory", "pk": 37, "fields": {"category": 4, "name": "Khair e Ummat", "is_active": true}}, {"model": "kct.donation", "pk": 1, "fields": {"whypay": "fi-sabilillah", "paying_from": "personal-account", "amount": "3445.00", "fullname": "Shaziya Gulab Ahmed Shaikh", "phone": "9999999999", "email": "shaziya.pyzon@gmail.com", "pan": "7869798", "aadhar": "87687", "address": "dadw", "company_name": null, "company_phone": null, "company_address": "", "company_email": null, "company_pan": null, "contact_person_name": null, "contact_person_phone": null, "payment_status": "PENDING", "razorpay_order_id": null, "created_at": "2025-02-21T12:16:58.944Z"}}, {"model": "kct.donation", "pk": 2, "fields": {"whypay": "zakat", "paying_from": "personal-account", "amount": "1111.00", "fullname": "Shaziya Gulab Ahmed Shaikh", "phone": "9999999999", "email": "sk.shaziya9082@gmail.com", "pan": "7869798", "aadhar": "298981", "address": "pppp", "company_name": null, "company_phone": null, "company_address": "", "company_email": null, "company_pan": null, "contact_person_name": null, "contact_person_phone": null, "payment_status": "PENDING", "razorpay_order_id": null, "created_at": "2025-02-21T12:32:33.780Z"}}, {"model": "kct.donation", "pk": 3, "fields": {"whypay": "zakat", "paying_from": "personal-account", "amount": "1111.00", "fullname": "Shaziya Gulab Ahmed Shaikh", "phone": "9999999999", "email": "sk.shaziya9082@gmail.com", "pan": "7869798", "aadhar": "298981", "address": "pppp", "company_name": null, "company_phone": null, "company_address": "", "company_email": null, "company_pan": null, "contact_person_name": null, "contact_person_phone": null, "payment_status": "PENDING", "razorpay_order_id": null, "created_at": "2025-02-21T12:33:00.737Z"}}, {"model": "kct.donation", "pk": 4, "fields": {"whypay": "sadqa", "paying_from": "personal-account", "amount": "100000.00", "fullname": null, "phone": null, "email": null, "pan": null, "aadhar": null, "address": "", "company_name": null, "company_phone": null, "company_address": "", "company_email": null, "company_pan": null, "contact_person_name": null, "contact_person_phone": null, "payment_status": "PENDING", "razorpay_order_id": null, "created_at": "2025-02-21T12:48:07.060Z"}}, {"model": "kct.donation", "pk": 5, "fields": {"whypay": "zakat", "paying_from": "personal-account", "amount": "1001.00", "fullname": "Shaziya Gulab Ahmed Shaikh", "phone": "9967034517", "email": "sk.shaziya9082@gmail.com", "pan": "7869798", "aadhar": "298981", "address": "mmm", "company_name": null, "company_phone": null, "company_address": "", "company_email": null, "company_pan": null, "contact_person_name": null, "contact_person_phone": null, "payment_status": "PENDING", "razorpay_order_id": null, "created_at": "2025-02-26T05:45:42.367Z"}}, {"model": "kct.donation", "pk": 6, "fields": {"whypay": "zakat", "paying_from": "personal-account", "amount": "1001.00", "fullname": "Shaziya Gulab Ahmed Shaikh", "phone": "9999999999", "email": "iusuxui@gmail.com", "pan": "7869798", "aadhar": "298981", "address": "mm", "company_name": null, "company_phone": null, "company_address": "", "company_email": null, "company_pan": null, "contact_person_name": null, "contact_person_phone": null, "payment_status": "PENDING", "razorpay_order_id": null, "created_at": "2025-02-26T07:29:51.182Z"}}, {"model": "kct.donation", "pk": 7, "fields": {"whypay": "zakat", "paying_from": "personal-account", "amount": "1001.00", "fullname": "Shaziya Gulab Ahmed Shaikh", "phone": "9999999999", "email": "iusuxui@gmail.com", "pan": "7869798", "aadhar": "298981", "address": "mm", "company_name": null, "company_phone": null, "company_address": "", "company_email": null, "company_pan": null, "contact_person_name": null, "contact_person_phone": null, "payment_status": "PENDING", "razorpay_order_id": null, "created_at": "2025-02-26T07:31:39.856Z"}}, {"model": "kct.donation", "pk": 8, "fields": {"whypay": "zakat", "paying_from": "personal-account", "amount": "1001.00", "fullname": "Shaziya Gulab Ahmed Shaikh", "phone": "9999999999", "email": "iusuxui@gmail.com", "pan": "7869798", "aadhar": "298981", "address": "mm", "company_name": null, "company_phone": null, "company_address": "", "company_email": null, "company_pan": null, "contact_person_name": null, "contact_person_phone": null, "payment_status": "PENDING", "razorpay_order_id": null, "created_at": "2025-02-26T08:45:16.002Z"}}, {"model": "kct.donation", "pk": 9, "fields": {"whypay": "zakat", "paying_from": "personal-account", "amount": "2345.00", "fullname": "anonymous", "phone": "9999999999", "email": "sk.shaziya9082@gmail.com", "pan": "7869798", "aadhar": "298981", "address": "sdfghjk", "company_name": "", "company_phone": "", "company_address": "", "company_email": "", "company_pan": "", "contact_person_name": "", "contact_person_phone": "", "payment_status": "COMPLETED", "razorpay_order_id": "order_Q17aWyhyIzjglY", "created_at": "2025-02-28T11:55:15.591Z"}}, {"model": "kct.donation", "pk": 10, "fields": {"whypay": "zakat", "paying_from": "personal-account", "amount": "23451.00", "fullname": "Shaziya Gulab Ahmed Shaikh", "phone": "9999999999", "email": "sk.shaziya9082@gmail.com", "pan": "7869798", "aadhar": "298981", "address": "sdfghj", "company_name": "", "company_phone": "", "company_address": "", "company_email": "", "company_pan": "", "contact_person_name": "", "contact_person_phone": "", "payment_status": "COMPLETED", "razorpay_order_id": "order_Q17cMzqtOLSUJr", "created_at": "2025-02-28T11:56:59.386Z"}}, {"model": "kct.donation", "pk": 11, "fields": {"whypay": "zakat", "paying_from": "official-account", "amount": "34567.00", "fullname": "", "phone": "", "email": "", "pan": "", "aadhar": "", "address": "", "company_name": "xyz", "company_phone": "987654321", "company_address": "sdkjdcdm,sik", "company_email": "shaziya.pyzon@gmail.com", "company_pan": "123456765432", "contact_person_name": "Afsar", "contact_person_phone": "23456789", "payment_status": "COMPLETED", "razorpay_order_id": "order_Q1Ow4DSArcvKPM", "created_at": "2025-03-01T04:53:27.362Z"}}]